order_item_id,order_id,product_id,quantity,unit_price,line_total
1,1,255,5,471.43,2357.15
2,1,174,2,486.42,972.84
3,1,315,3,122.09,366.27
4,2,224,2,29.23,58.46
5,2,255,1,471.43,471.43
6,2,275,2,194.59,389.18
7,3,136,1,115.48,115.48
8,3,153,5,498.9,2494.5
9,3,206,2,160.45,320.9
10,4,297,1,238.48,238.48
11,5,140,1,439.11,439.11
12,5,291,5,17.9,89.5
13,5,244,4,295.13,1180.52
14,6,178,1,119.58,119.58
15,6,155,5,367.57,1837.85
16,7,222,5,484.36,2421.8
17,7,161,2,273.06,546.12
18,7,213,4,49.76,199.04
19,8,320,5,353.21,1766.05
20,8,233,5,55.44,277.2
21,8,93,1,376.14,376.14
22,9,296,4,405.28,1621.12
23,9,110,4,387.8,1551.2
24,10,327,5,485.34,2426.7
25,10,315,4,122.09,488.36
26,10,290,1,138.87,138.87
27,11,187,4,200.2,800.8
28,11,76,2,126.02,252.04
29,12,154,4,389.06,1556.24
30,12,211,3,234.36,703.08
31,13,325,2,419.16,838.32
32,14,137,3,260.31,780.93
33,14,331,2,32.8,65.6
34,14,132,5,287.91,1439.55
35,14,121,4,93.59,374.36
36,15,59,2,322.07,644.14
37,15,99,1,217.52,217.52
38,16,159,4,466.54,1866.16
39,16,249,5,324.76,1623.8
40,17,217,1,303.63,303.63
41,17,104,2,250.59,501.18
42,17,140,2,439.11,878.22
43,17,15,3,324.09,972.27
44,18,282,2,14.67,29.34
45,18,330,1,23.79,23.79
46,18,249,1,324.76,324.76
47,19,43,3,275.45,826.35
48,20,33,4,124.34,497.36
49,20,187,1,200.2,200.2
50,20,204,2,57.3,114.6
51,21,58,5,204.13,1020.65
52,21,257,1,462.45,462.45
53,22,255,1,471.43,471.43
54,22,122,5,480.37,2401.85
55,22,63,3,44.12,132.36
56,23,300,4,120.22,480.88
57,23,121,4,93.59,374.36
58,23,112,2,338.69,677.38
59,24,90,2,412.14,824.28
60,25,226,4,410.94,1643.76
61,25,131,5,413.87,2069.35
62,25,29,4,392.98,1571.92
63,26,58,3,204.13,612.39
64,26,280,4,497.07,1988.28
65,26,244,2,295.13,590.26
66,27,75,3,123.13,369.39
67,27,244,3,295.13,885.39
68,27,158,1,79.53,79.53
69,28,28,2,324.85,649.7
70,29,283,4,194.34,777.36
71,29,159,3,466.54,1399.62
72,29,63,5,44.12,220.6
73,30,227,4,91.06,364.24
74,30,5,4,223.98,895.92
75,31,155,1,367.57,367.57
76,31,121,3,93.59,280.77
77,31,108,2,87.61,175.22
78,32,324,3,474.44,1423.32
79,32,330,4,23.79,95.16
80,32,18,3,361.98,1085.94
81,32,42,4,213.33,853.32
82,33,212,3,426.98,1280.94
83,33,217,1,303.63,303.63
84,33,83,3,91.94,275.82
85,33,260,1,250.58,250.58
86,34,216,5,353.83,1769.15
87,34,281,3,274.11,822.33
88,34,233,1,55.44,55.44
89,35,329,2,91.9,183.8
90,36,329,2,91.9,183.8
91,36,2,4,375.39,1501.56
92,36,103,3,315.63,946.89
93,36,161,5,273.06,1365.3
94,37,57,2,214.67,429.34
95,38,265,2,141.12,282.24
96,38,305,4,396.66,1586.64
97,39,232,4,51.89,207.56
98,39,69,3,382.8,1148.4
99,39,89,5,261.03,1305.15
100,40,145,2,231.09,462.18
101,40,44,4,90.52,362.08
102,40,189,2,35.83,71.66
103,41,194,5,463.39,2316.95
104,41,115,1,6.27,6.27
105,41,12,5,217.55,1087.75
106,41,332,5,302.82,1514.1
107,42,46,4,493.75,1975.0
108,42,102,3,487.65,1462.95
109,43,26,4,98.38,393.52
110,43,317,4,370.36,1481.44
111,44,77,1,462.69,462.69
112,44,189,2,35.83,71.66
113,44,291,1,17.9,17.9
114,45,270,4,325.4,1301.6
115,46,254,1,65.65,65.65
116,46,115,2,6.27,12.54
117,46,98,3,170.83,512.49
118,46,148,4,393.33,1573.32
119,47,67,4,166.74,666.96
120,47,106,5,32.44,162.2
121,47,111,3,447.66,1342.98
122,47,97,4,450.45,1801.8
123,48,210,2,228.7,457.4
124,48,15,3,324.09,972.27
125,49,121,5,93.59,467.95
126,49,231,2,277.31,554.62
127,49,190,5,332.91,1664.55
128,50,44,1,90.52,90.52
129,50,241,2,344.71,689.42
130,50,166,4,380.67,1522.68
131,50,109,4,82.87,331.48
132,51,306,3,369.84,1109.52
133,51,38,1,183.74,183.74
134,51,286,1,391.81,391.81
135,51,27,3,198.92,596.76
136,52,242,3,469.1,1407.3
137,52,311,5,197.27,986.35
138,53,3,3,460.35,1381.05
139,54,155,4,367.57,1470.28
140,54,190,2,332.91,665.82
141,54,287,1,175.3,175.3
142,54,298,2,181.93,363.86
143,55,87,5,250.72,1253.6
144,55,253,3,405.4,1216.2
145,55,240,2,203.29,406.58
146,56,163,5,348.26,1741.3
147,57,73,3,221.56,664.68
148,57,60,3,271.14,813.42
149,57,23,2,438.53,877.06
150,57,256,3,30.07,90.21
151,58,221,3,357.02,1071.06
152,58,135,5,31.07,155.35
153,58,136,5,115.48,577.4
154,59,224,2,29.23,58.46
155,59,162,4,319.79,1279.16
156,59,78,5,62.41,312.05
157,60,28,2,324.85,649.7
158,60,77,1,462.69,462.69
159,60,118,2,27.76,55.52
160,60,19,4,146.04,584.16
161,61,84,4,11.27,45.08
162,61,224,1,29.23,29.23
163,61,254,1,65.65,65.65
164,62,183,5,375.21,1876.05
165,62,249,4,324.76,1299.04
166,62,253,1,405.4,405.4
167,62,76,1,126.02,126.02
168,63,48,2,295.74,591.48
169,63,146,2,187.62,375.24
170,63,87,5,250.72,1253.6
171,64,289,5,164.19,820.95
172,64,109,5,82.87,414.35
173,64,3,5,460.35,2301.75
174,65,214,1,404.76,404.76
175,65,127,4,116.14,464.56
176,66,169,1,157.22,157.22
177,67,63,4,44.12,176.48
178,67,192,5,149.38,746.9
179,67,55,3,357.75,1073.25
180,68,15,1,324.09,324.09
181,68,236,4,35.53,142.12
182,69,322,3,285.99,857.97
183,69,305,1,396.66,396.66
184,69,169,1,157.22,157.22
185,69,319,4,297.82,1191.28
186,70,292,2,300.57,601.14
187,70,109,1,82.87,82.87
188,70,330,3,23.79,71.37
189,71,29,1,392.98,392.98
190,71,281,5,274.11,1370.55
191,71,196,1,416.79,416.79
192,72,131,2,413.87,827.74
193,72,123,4,22.5,90.0
194,72,46,1,493.75,493.75
195,72,107,2,430.38,860.76
196,73,207,3,64.76,194.28
197,73,332,2,302.82,605.64
198,73,62,3,46.38,139.14
199,73,252,4,424.4,1697.6
200,74,309,2,289.97,579.94
201,74,184,1,292.48,292.48
202,74,189,5,35.83,179.15
203,75,251,4,50.53,202.12
204,75,199,4,120.64,482.56
205,76,289,5,164.19,820.95
206,76,217,1,303.63,303.63
207,76,217,3,303.63,910.89
208,77,223,4,201.14,804.56
209,77,48,1,295.74,295.74
210,78,238,2,115.03,230.06
211,78,332,2,302.82,605.64
212,78,254,5,65.65,328.25
213,79,149,4,371.09,1484.36
214,80,41,4,420.29,1681.16
215,80,154,2,389.06,778.12
216,80,66,3,81.91,245.73
217,80,128,5,127.89,639.45
218,81,152,5,486.07,2430.35
219,81,25,5,305.43,1527.15
220,81,40,1,196.48,196.48
221,81,263,1,180.2,180.2
222,82,212,1,426.98,426.98
223,82,238,5,115.03,575.15
224,82,130,3,163.37,490.11
225,82,131,5,413.87,2069.35
226,83,258,1,219.41,219.41
227,84,237,2,391.58,783.16
228,85,202,1,386.22,386.22
229,85,43,4,275.45,1101.8
230,86,161,5,273.06,1365.3
231,86,233,4,55.44,221.76
232,86,320,3,353.21,1059.63
233,87,96,2,63.44,126.88
234,87,95,1,367.8,367.8
235,87,310,3,491.42,1474.26
236,88,223,5,201.14,1005.7
237,89,3,4,460.35,1841.4
238,90,7,2,448.81,897.62
239,91,236,4,35.53,142.12
240,91,309,4,289.97,1159.88
241,91,156,5,275.55,1377.75
242,91,316,3,162.41,487.23
243,92,155,1,367.57,367.57
244,92,65,2,487.29,974.58
245,92,8,2,74.31,148.62
246,92,58,1,204.13,204.13
247,93,14,2,127.65,255.3
248,93,247,2,498.59,997.18
249,94,224,5,29.23,146.15
250,94,98,1,170.83,170.83
251,95,238,2,115.03,230.06
252,95,243,4,46.6,186.4
253,95,12,1,217.55,217.55
254,96,79,4,308.09,1232.36
255,96,249,4,324.76,1299.04
256,97,231,5,277.31,1386.55
257,98,104,3,250.59,751.77
258,98,292,4,300.57,1202.28
259,99,171,1,491.64,491.64
260,100,323,4,75.34,301.36
261,101,254,5,65.65,328.25
262,101,306,5,369.84,1849.2
263,101,149,1,371.09,371.09
264,101,250,4,405.6,1622.4
265,102,263,5,180.2,901.0
266,102,314,4,90.99,363.96
267,102,119,1,185.17,185.17
268,102,271,1,251.95,251.95
269,103,296,3,405.28,1215.84
270,103,284,1,358.12,358.12
271,103,138,4,27.73,110.92
272,103,243,1,46.6,46.6
273,104,319,3,297.82,893.46
274,104,230,4,280.2,1120.8
275,104,11,2,179.01,358.02
276,104,148,2,393.33,786.66
277,105,177,4,26.73,106.92
278,105,119,5,185.17,925.85
279,105,113,5,62.09,310.45
280,105,174,5,486.42,2432.1
281,106,68,3,295.29,885.87
282,106,200,4,472.06,1888.24
283,106,185,4,255.19,1020.76
284,106,83,5,91.94,459.7
285,107,145,1,231.09,231.09
286,107,248,2,102.89,205.78
287,108,103,2,315.63,631.26
288,108,311,4,197.27,789.08
289,109,213,4,49.76,199.04
290,110,121,2,93.59,187.18
291,110,286,1,391.81,391.81
292,110,10,3,366.35,1099.05
293,111,183,2,375.21,750.42
294,111,90,5,412.14,2060.7
295,111,17,1,302.49,302.49
296,112,221,1,357.02,357.02
297,112,317,2,370.36,740.72
298,112,62,5,46.38,231.9
299,113,250,3,405.6,1216.8
300,113,175,3,75.47,226.41
301,114,286,3,391.81,1175.43
302,115,264,5,454.61,2273.05
303,115,54,1,146.81,146.81
304,116,235,1,65.12,65.12
305,116,55,5,357.75,1788.75
306,116,313,1,495.81,495.81
307,116,288,1,285.0,285.0
308,117,86,1,10.62,10.62
309,118,186,2,320.42,640.84
310,118,150,4,125.08,500.32
311,119,51,2,461.68,923.36
312,119,332,3,302.82,908.46
313,119,172,2,212.81,425.62
314,119,63,2,44.12,88.24
315,120,213,1,49.76,49.76
316,120,126,4,329.57,1318.28
317,120,175,3,75.47,226.41
318,120,259,2,363.59,727.18
319,121,137,3,260.31,780.93
320,122,185,2,255.19,510.38
321,122,78,5,62.41,312.05
322,122,216,2,353.83,707.66
323,122,71,4,323.36,1293.44
324,123,210,4,228.7,914.8
325,123,265,3,141.12,423.36
326,123,16,4,127.84,511.36
327,123,75,1,123.13,123.13
328,124,44,3,90.52,271.56
329,125,206,2,160.45,320.9
330,125,223,1,201.14,201.14
331,125,202,1,386.22,386.22
332,126,295,1,144.06,144.06
333,126,324,5,474.44,2372.2
334,127,215,4,155.59,622.36
335,127,284,3,358.12,1074.36
336,127,161,3,273.06,819.18
337,128,144,5,47.76,238.8
338,129,207,4,64.76,259.04
339,129,330,2,23.79,47.58
340,130,177,4,26.73,106.92
341,130,102,3,487.65,1462.95
342,130,44,1,90.52,90.52
343,130,276,3,212.52,637.56
344,131,65,5,487.29,2436.45
345,131,277,3,323.11,969.33
346,131,110,1,387.8,387.8
347,131,262,5,216.2,1081.0
348,132,267,3,78.57,235.71
349,132,326,2,406.15,812.3
350,132,12,1,217.55,217.55
351,133,124,3,402.54,1207.62
352,133,217,5,303.63,1518.15
353,133,57,1,214.67,214.67
354,134,133,5,64.1,320.5
355,134,182,1,231.94,231.94
356,134,25,1,305.43,305.43
357,135,153,5,498.9,2494.5
358,135,3,4,460.35,1841.4
359,135,174,2,486.42,972.84
360,135,298,5,181.93,909.65
361,136,180,3,209.46,628.38
362,136,146,5,187.62,938.1
363,137,194,5,463.39,2316.95
364,137,127,1,116.14,116.14
365,138,265,5,141.12,705.6
366,138,99,3,217.52,652.56
367,138,233,1,55.44,55.44
368,139,218,4,111.44,445.76
369,139,42,1,213.33,213.33
370,140,218,2,111.44,222.88
371,141,110,4,387.8,1551.2
372,141,40,3,196.48,589.44
373,141,270,4,325.4,1301.6
374,141,302,5,127.69,638.45
375,142,136,5,115.48,577.4
376,142,256,4,30.07,120.28
377,142,226,4,410.94,1643.76
378,142,214,2,404.76,809.52
379,143,259,2,363.59,727.18
380,143,249,4,324.76,1299.04
381,144,263,5,180.2,901.0
382,144,61,2,80.58,161.16
383,145,243,1,46.6,46.6
384,145,81,5,334.71,1673.55
385,145,190,1,332.91,332.91
386,145,309,4,289.97,1159.88
387,146,62,3,46.38,139.14
388,147,21,5,18.28,91.4
389,147,79,1,308.09,308.09
390,147,191,3,69.7,209.1
391,148,156,3,275.55,826.65
392,148,249,1,324.76,324.76
393,148,74,2,476.95,953.9
394,149,25,3,305.43,916.29
395,149,146,2,187.62,375.24
396,149,94,4,437.36,1749.44
397,149,2,1,375.39,375.39
398,150,35,1,40.15,40.15
399,150,214,4,404.76,1619.04
400,150,294,3,406.29,1218.87
401,151,173,4,480.79,1923.16
402,151,244,5,295.13,1475.65
403,151,68,2,295.29,590.58
404,151,259,4,363.59,1454.36
405,152,230,2,280.2,560.4
406,152,167,1,191.26,191.26
407,152,320,5,353.21,1766.05
408,152,210,4,228.7,914.8
409,153,203,3,58.94,176.82
410,153,277,1,323.11,323.11
411,154,143,1,158.8,158.8
412,154,85,1,72.92,72.92
413,154,293,3,19.51,58.53
414,154,288,1,285.0,285.0
415,155,99,5,217.52,1087.6
416,156,292,5,300.57,1502.85
417,157,244,5,295.13,1475.65
418,157,10,1,366.35,366.35
419,158,10,3,366.35,1099.05
420,158,106,2,32.44,64.88
421,159,44,5,90.52,452.6
422,159,311,3,197.27,591.81
423,159,206,5,160.45,802.25
424,159,24,4,106.7,426.8
425,160,175,4,75.47,301.88
426,161,213,1,49.76,49.76
427,161,271,3,251.95,755.85
428,162,132,1,287.91,287.91
429,162,59,1,322.07,322.07
430,162,278,2,399.61,799.22
431,162,147,2,149.34,298.68
432,163,131,1,413.87,413.87
433,163,79,3,308.09,924.27
434,164,87,1,250.72,250.72
435,164,315,3,122.09,366.27
436,164,93,1,376.14,376.14
437,164,30,3,397.92,1193.76
438,165,51,3,461.68,1385.04
439,165,73,4,221.56,886.24
440,165,166,3,380.67,1142.01
441,165,193,1,426.2,426.2
442,166,104,2,250.59,501.18
443,167,253,5,405.4,2027.0
444,167,259,4,363.59,1454.36
445,168,138,1,27.73,27.73
446,169,238,5,115.03,575.15
447,169,209,1,386.32,386.32
448,169,248,1,102.89,102.89
449,170,325,2,419.16,838.32
450,170,10,3,366.35,1099.05
451,170,284,5,358.12,1790.6
452,170,52,2,474.6,949.2
453,171,156,5,275.55,1377.75
454,171,209,4,386.32,1545.28
455,172,326,5,406.15,2030.75
456,173,73,3,221.56,664.68
457,173,277,2,323.11,646.22
458,174,276,4,212.52,850.08
459,174,285,4,242.44,969.76
460,175,1,4,110.46,441.84
461,176,86,1,10.62,10.62
462,176,31,4,123.47,493.88
463,176,140,5,439.11,2195.55
464,177,195,3,199.51,598.53
465,177,324,2,474.44,948.88
466,177,300,5,120.22,601.1
467,178,24,2,106.7,213.4
468,178,274,5,48.42,242.1
469,178,36,3,444.92,1334.76
470,179,203,1,58.94,58.94
471,180,285,3,242.44,727.32
472,180,222,2,484.36,968.72
473,181,176,3,143.51,430.53
474,181,232,3,51.89,155.67
475,181,126,3,329.57,988.71
476,182,108,4,87.61,350.44
477,182,307,3,383.2,1149.6
478,182,9,2,65.96,131.92
479,183,312,4,467.93,1871.72
480,184,5,2,223.98,447.96
481,185,285,4,242.44,969.76
482,185,202,5,386.22,1931.1
483,185,42,1,213.33,213.33
484,185,276,1,212.52,212.52
485,186,64,3,460.86,1382.58
486,186,193,5,426.2,2131.0
487,186,184,4,292.48,1169.92
488,186,91,1,133.33,133.33
489,187,237,3,391.58,1174.74
490,188,228,1,476.29,476.29
491,188,114,1,371.69,371.69
492,189,184,2,292.48,584.96
493,189,47,5,41.13,205.65
494,189,321,3,179.08,537.24
495,190,120,4,460.51,1842.04
496,190,186,1,320.42,320.42
497,191,253,5,405.4,2027.0
498,191,108,1,87.61,87.61
499,191,101,4,135.16,540.64
500,192,143,5,158.8,794.0
501,193,88,5,176.62,883.1
502,193,100,5,264.31,1321.55
503,193,309,5,289.97,1449.85
504,193,90,1,412.14,412.14
505,194,34,2,320.85,641.7
506,194,133,5,64.1,320.5
507,195,268,3,308.98,926.94
508,195,99,1,217.52,217.52
509,196,287,4,175.3,701.2
510,196,2,4,375.39,1501.56
511,196,329,1,91.9,91.9
512,197,222,4,484.36,1937.44
513,197,141,1,433.69,433.69
514,197,266,4,225.78,903.12
515,198,186,5,320.42,1602.1
516,198,23,2,438.53,877.06
517,198,25,3,305.43,916.29
518,198,216,5,353.83,1769.15
519,199,162,1,319.79,319.79
520,199,201,2,72.38,144.76
521,199,172,1,212.81,212.81
522,199,293,1,19.51,19.51
523,200,217,1,303.63,303.63
524,200,128,2,127.89,255.78
525,201,169,3,157.22,471.66
526,201,33,1,124.34,124.34
527,202,246,4,42.12,168.48
528,203,304,3,269.18,807.54
529,204,127,1,116.14,116.14
530,204,243,2,46.6,93.2
531,204,175,1,75.47,75.47
532,205,267,2,78.57,157.14
533,205,38,5,183.74,918.7
534,205,318,4,182.6,730.4
535,206,321,4,179.08,716.32
536,207,44,1,90.52,90.52
537,208,194,3,463.39,1390.17
538,209,66,1,81.91,81.91
539,210,29,3,392.98,1178.94
540,210,313,4,495.81,1983.24
541,210,34,1,320.85,320.85
542,210,29,5,392.98,1964.9
543,211,151,4,187.3,749.2
544,212,50,5,111.79,558.95
545,212,211,2,234.36,468.72
546,212,307,5,383.2,1916.0
547,212,6,4,112.54,450.16
548,213,238,4,115.03,460.12
549,213,318,5,182.6,913.0
550,213,52,3,474.6,1423.8
551,213,14,4,127.65,510.6
552,214,301,2,84.01,168.02
553,214,56,1,384.72,384.72
554,214,7,5,448.81,2244.05
555,215,304,2,269.18,538.36
556,216,327,5,485.34,2426.7
557,216,132,3,287.91,863.73
558,217,247,5,498.59,2492.95
559,217,228,2,476.29,952.58
560,217,125,2,358.44,716.88
561,217,23,1,438.53,438.53
562,218,160,5,16.84,84.2
563,218,224,5,29.23,146.15
564,219,160,5,16.84,84.2
565,219,278,2,399.61,799.22
566,219,76,4,126.02,504.08
567,220,309,3,289.97,869.91
568,220,150,3,125.08,375.24
569,220,5,5,223.98,1119.9
570,221,30,2,397.92,795.84
571,221,260,5,250.58,1252.9
572,222,217,3,303.63,910.89
573,223,103,2,315.63,631.26
574,223,36,3,444.92,1334.76
575,224,244,4,295.13,1180.52
576,224,308,3,474.16,1422.48
577,225,316,3,162.41,487.23
578,225,215,3,155.59,466.77
579,225,84,1,11.27,11.27
580,226,22,4,424.3,1697.2
581,226,113,1,62.09,62.09
582,226,328,2,273.35,546.7
583,226,118,4,27.76,111.04
584,227,123,4,22.5,90.0
585,227,170,4,106.57,426.28
586,228,205,2,227.54,455.08
587,228,4,3,309.96,929.88
588,229,38,3,183.74,551.22
589,230,285,1,242.44,242.44
590,231,149,4,371.09,1484.36
591,231,100,5,264.31,1321.55
592,232,23,1,438.53,438.53
593,232,102,2,487.65,975.3
594,232,146,2,187.62,375.24
595,233,135,2,31.07,62.14
596,233,174,5,486.42,2432.1
597,234,92,2,189.08,378.16
598,234,12,2,217.55,435.1
599,235,52,1,474.6,474.6
600,235,71,4,323.36,1293.44
601,235,57,3,214.67,644.01
602,236,157,4,399.01,1596.04
603,236,123,3,22.5,67.5
604,237,88,5,176.62,883.1
605,237,320,4,353.21,1412.84
606,237,34,1,320.85,320.85
607,238,67,2,166.74,333.48
608,238,99,5,217.52,1087.6
609,239,192,3,149.38,448.14
610,239,307,4,383.2,1532.8
611,239,326,2,406.15,812.3
612,239,24,5,106.7,533.5
613,240,275,3,194.59,583.77
614,240,77,3,462.69,1388.07
615,241,28,3,324.85,974.55
616,241,65,5,487.29,2436.45
617,242,108,1,87.61,87.61
618,242,241,5,344.71,1723.55
619,242,34,2,320.85,641.7
620,242,261,4,194.45,777.8
621,243,256,5,30.07,150.35
622,243,238,2,115.03,230.06
623,243,165,3,170.83,512.49
624,244,254,4,65.65,262.6
625,244,138,5,27.73,138.65
626,244,206,5,160.45,802.25
627,244,333,1,14.86,14.86
628,245,113,2,62.09,124.18
629,245,232,2,51.89,103.78
630,246,112,3,338.69,1016.07
631,246,218,4,111.44,445.76
632,246,293,2,19.51,39.02
633,246,192,3,149.38,448.14
634,247,69,1,382.8,382.8
635,248,228,5,476.29,2381.45
636,248,181,2,448.31,896.62
637,248,299,1,294.07,294.07
638,249,263,5,180.2,901.0
639,249,173,4,480.79,1923.16
640,249,231,4,277.31,1109.24
641,249,222,4,484.36,1937.44
642,250,255,3,471.43,1414.29
643,250,140,4,439.11,1756.44
644,250,13,2,396.58,793.16
645,251,120,3,460.51,1381.53
646,251,331,1,32.8,32.8
647,251,184,1,292.48,292.48
648,251,151,5,187.3,936.5
649,252,142,2,387.9,775.8
650,253,61,1,80.58,80.58
651,254,20,5,470.93,2354.65
652,254,103,3,315.63,946.89
653,254,101,3,135.16,405.48
654,255,155,3,367.57,1102.71
655,255,98,5,170.83,854.15
656,255,71,5,323.36,1616.8
657,256,5,3,223.98,671.94
658,256,145,3,231.09,693.27
659,256,207,4,64.76,259.04
660,257,242,5,469.1,2345.5
661,258,204,2,57.3,114.6
662,258,117,2,11.08,22.16
663,259,120,5,460.51,2302.55
664,259,301,5,84.01,420.05
665,259,240,4,203.29,813.16
666,259,175,1,75.47,75.47
667,260,97,4,450.45,1801.8
668,260,214,2,404.76,809.52
669,260,225,4,152.93,611.72
670,261,192,2,149.38,298.76
671,262,157,1,399.01,399.01
672,262,256,3,30.07,90.21
673,263,116,4,430.05,1720.2
674,263,218,4,111.44,445.76
675,263,276,3,212.52,637.56
676,264,301,1,84.01,84.01
677,264,291,1,17.9,17.9
678,264,72,2,158.53,317.06
679,265,291,5,17.9,89.5
680,265,312,5,467.93,2339.65
681,265,201,4,72.38,289.52
682,266,201,1,72.38,72.38
683,266,274,4,48.42,193.68
684,267,244,1,295.13,295.13
685,267,169,5,157.22,786.1
686,268,328,3,273.35,820.05
687,268,48,2,295.74,591.48
688,268,54,5,146.81,734.05
689,268,91,1,133.33,133.33
690,269,14,2,127.65,255.3
691,269,102,1,487.65,487.65
692,269,198,3,229.12,687.36
693,269,106,2,32.44,64.88
694,270,269,1,310.4,310.4
695,270,233,1,55.44,55.44
696,270,189,5,35.83,179.15
697,271,88,3,176.62,529.86
698,272,201,2,72.38,144.76
699,272,57,2,214.67,429.34
700,272,275,4,194.59,778.36
701,272,245,1,459.13,459.13
702,273,106,2,32.44,64.88
703,273,106,3,32.44,97.32
704,273,222,4,484.36,1937.44
705,273,82,5,330.74,1653.7
706,274,301,2,84.01,168.02
707,274,258,4,219.41,877.64
708,274,142,2,387.9,775.8
709,275,74,4,476.95,1907.8
710,276,205,5,227.54,1137.7
711,277,270,3,325.4,976.2
712,277,292,4,300.57,1202.28
713,278,237,5,391.58,1957.9
714,278,21,1,18.28,18.28
715,278,148,4,393.33,1573.32
716,278,178,3,119.58,358.74
717,279,314,2,90.99,181.98
718,279,213,2,49.76,99.52
719,279,92,5,189.08,945.4
720,279,222,4,484.36,1937.44
721,280,94,5,437.36,2186.8
722,280,49,4,11.83,47.32
723,280,23,2,438.53,877.06
724,280,81,3,334.71,1004.13
725,281,35,2,40.15,80.3
726,281,253,4,405.4,1621.6
727,281,284,1,358.12,358.12
728,282,40,1,196.48,196.48
729,282,259,3,363.59,1090.77
730,282,210,4,228.7,914.8
731,283,130,2,163.37,326.74
732,283,260,1,250.58,250.58
733,284,14,1,127.65,127.65
734,284,328,4,273.35,1093.4
735,284,196,3,416.79,1250.37
736,284,205,2,227.54,455.08
737,285,20,1,470.93,470.93
738,285,129,1,458.35,458.35
739,285,70,3,326.67,980.01
740,285,238,4,115.03,460.12
741,286,35,1,40.15,40.15
742,286,281,2,274.11,548.22
743,286,225,2,152.93,305.86
744,286,242,3,469.1,1407.3
745,287,88,1,176.62,176.62
746,287,311,1,197.27,197.27
747,288,151,1,187.3,187.3
748,288,274,4,48.42,193.68
749,289,40,1,196.48,196.48
750,289,140,2,439.11,878.22
751,290,184,2,292.48,584.96
752,290,111,1,447.66,447.66
753,290,273,2,242.12,484.24
754,290,227,1,91.06,91.06
755,291,200,3,472.06,1416.18
756,292,27,5,198.92,994.6
757,292,3,1,460.35,460.35
758,292,194,2,463.39,926.78
759,292,128,3,127.89,383.67
760,293,103,1,315.63,315.63
761,293,9,4,65.96,263.84
762,294,8,3,74.31,222.93
763,295,33,2,124.34,248.68
764,295,50,2,111.79,223.58
765,296,23,4,438.53,1754.12
766,296,263,1,180.2,180.2
767,297,166,5,380.67,1903.35
768,297,321,2,179.08,358.16
769,297,320,2,353.21,706.42
770,298,220,1,78.42,78.42
771,298,119,2,185.17,370.34
772,298,55,3,357.75,1073.25
773,298,166,2,380.67,761.34
774,299,206,3,160.45,481.35
775,300,200,2,472.06,944.12
776,301,113,1,62.09,62.09
777,301,143,5,158.8,794.0
778,301,189,1,35.83,35.83
779,301,35,2,40.15,80.3
780,302,155,5,367.57,1837.85
781,302,256,1,30.07,30.07
782,302,275,5,194.59,972.95
783,302,88,3,176.62,529.86
784,303,308,3,474.16,1422.48
785,304,69,3,382.8,1148.4
786,304,90,3,412.14,1236.42
787,304,247,1,498.59,498.59
788,304,172,1,212.81,212.81
789,305,196,5,416.79,2083.95
790,305,328,2,273.35,546.7
791,305,258,5,219.41,1097.05
792,305,7,2,448.81,897.62
793,306,316,1,162.41,162.41
794,307,122,4,480.37,1921.48
795,307,125,5,358.44,1792.2
796,307,41,1,420.29,420.29
797,308,192,4,149.38,597.52
798,308,152,2,486.07,972.14
799,309,193,2,426.2,852.4
800,309,329,1,91.9,91.9
801,310,307,4,383.2,1532.8
802,310,169,2,157.22,314.44
803,311,163,1,348.26,348.26
804,311,267,4,78.57,314.28
805,311,332,3,302.82,908.46
806,312,118,3,27.76,83.28
807,313,125,2,358.44,716.88
808,313,277,1,323.11,323.11
809,313,128,2,127.89,255.78
810,314,267,3,78.57,235.71
811,314,94,4,437.36,1749.44
812,314,323,1,75.34,75.34
813,314,34,4,320.85,1283.4
814,315,99,1,217.52,217.52
815,316,105,2,257.84,515.68
816,316,47,2,41.13,82.26
817,317,121,5,93.59,467.95
818,317,41,4,420.29,1681.16
819,318,160,2,16.84,33.68
820,318,102,2,487.65,975.3
821,318,218,2,111.44,222.88
822,318,311,2,197.27,394.54
823,319,147,5,149.34,746.7
824,319,230,2,280.2,560.4
825,319,140,4,439.11,1756.44
826,320,185,4,255.19,1020.76
827,321,86,4,10.62,42.48
828,321,226,4,410.94,1643.76
829,321,259,5,363.59,1817.95
830,321,222,2,484.36,968.72
831,322,11,4,179.01,716.04
832,322,219,1,429.0,429.0
833,322,154,5,389.06,1945.3
834,322,276,2,212.52,425.04
835,323,132,4,287.91,1151.64
836,323,238,3,115.03,345.09
837,324,146,4,187.62,750.48
838,324,288,5,285.0,1425.0
839,324,247,1,498.59,498.59
840,324,171,2,491.64,983.28
841,325,101,2,135.16,270.32
842,325,98,1,170.83,170.83
843,325,7,5,448.81,2244.05
844,325,192,4,149.38,597.52
845,326,213,4,49.76,199.04
846,326,192,4,149.38,597.52
847,326,251,3,50.53,151.59
848,326,329,5,91.9,459.5
849,327,210,1,228.7,228.7
850,328,198,5,229.12,1145.6
851,329,100,4,264.31,1057.24
852,329,131,3,413.87,1241.61
853,330,326,3,406.15,1218.45
854,330,30,4,397.92,1591.68
855,330,218,2,111.44,222.88
856,330,125,4,358.44,1433.76
857,331,186,1,320.42,320.42
858,332,134,5,338.3,1691.5
859,332,234,2,397.94,795.88
860,333,127,5,116.14,580.7
861,333,297,2,238.48,476.96
862,333,7,1,448.81,448.81
863,334,330,4,23.79,95.16
864,335,301,1,84.01,84.01
865,335,266,2,225.78,451.56
866,335,217,2,303.63,607.26
867,335,219,3,429.0,1287.0
868,336,257,5,462.45,2312.25
869,336,196,5,416.79,2083.95
870,336,158,4,79.53,318.12
871,337,56,5,384.72,1923.6
872,338,74,3,476.95,1430.85
873,338,108,4,87.61,350.44
874,338,158,1,79.53,79.53
875,339,252,1,424.4,424.4
876,339,50,1,111.79,111.79
877,340,269,4,310.4,1241.6
878,340,148,4,393.33,1573.32
879,340,88,2,176.62,353.24
880,340,192,2,149.38,298.76
881,341,102,4,487.65,1950.6
882,341,94,5,437.36,2186.8
883,342,231,5,277.31,1386.55
884,343,96,2,63.44,126.88
885,343,31,2,123.47,246.94
886,344,133,4,64.1,256.4
887,344,226,5,410.94,2054.7
888,345,326,2,406.15,812.3
889,346,151,1,187.3,187.3
890,347,64,3,460.86,1382.58
891,347,33,3,124.34,373.02
892,347,16,5,127.84,639.2
893,347,121,4,93.59,374.36
894,348,52,1,474.6,474.6
895,348,32,3,196.01,588.03
896,348,4,5,309.96,1549.8
897,348,22,1,424.3,424.3
898,349,268,1,308.98,308.98
899,349,193,5,426.2,2131.0
900,350,249,4,324.76,1299.04
901,350,173,5,480.79,2403.95
902,350,220,3,78.42,235.26
903,351,176,3,143.51,430.53
904,351,123,3,22.5,67.5
905,351,205,4,227.54,910.16
906,352,183,3,375.21,1125.63
907,353,2,4,375.39,1501.56
908,354,72,1,158.53,158.53
909,354,309,1,289.97,289.97
910,354,272,3,441.98,1325.94
911,354,128,3,127.89,383.67
912,355,317,4,370.36,1481.44
913,355,264,4,454.61,1818.44
914,355,97,1,450.45,450.45
915,355,327,3,485.34,1456.02
916,356,325,3,419.16,1257.48
917,357,167,4,191.26,765.04
918,358,311,4,197.27,789.08
919,358,205,5,227.54,1137.7
920,359,179,4,423.52,1694.08
921,360,52,4,474.6,1898.4
922,360,151,5,187.3,936.5
923,360,100,2,264.31,528.62
924,360,267,5,78.57,392.85
925,361,66,4,81.91,327.64
926,362,155,5,367.57,1837.85
927,363,87,4,250.72,1002.88
928,363,60,4,271.14,1084.56
929,363,277,2,323.11,646.22
930,363,125,2,358.44,716.88
931,364,46,1,493.75,493.75
932,364,223,1,201.14,201.14
933,365,168,4,370.35,1481.4
934,365,144,2,47.76,95.52
935,366,244,1,295.13,295.13
936,366,70,5,326.67,1633.35
937,366,325,4,419.16,1676.64
938,367,171,2,491.64,983.28
939,368,330,3,23.79,71.37
940,369,196,5,416.79,2083.95
941,369,224,2,29.23,58.46
942,369,115,3,6.27,18.81
943,369,60,3,271.14,813.42
944,370,58,1,204.13,204.13
945,371,304,2,269.18,538.36
946,371,60,5,271.14,1355.7
947,371,189,2,35.83,71.66
948,372,195,5,199.51,997.55
949,372,1,3,110.46,331.38
950,372,32,5,196.01,980.05
951,373,199,4,120.64,482.56
952,373,164,3,9.75,29.25
953,374,267,5,78.57,392.85
954,374,303,2,124.37,248.74
955,375,203,1,58.94,58.94
956,376,162,2,319.79,639.58
957,376,152,2,486.07,972.14
958,376,256,4,30.07,120.28
959,376,76,5,126.02,630.1
960,377,75,1,123.13,123.13
961,377,307,3,383.2,1149.6
962,377,159,5,466.54,2332.7
963,378,141,5,433.69,2168.45
964,379,324,2,474.44,948.88
965,379,254,3,65.65,196.95
966,379,193,1,426.2,426.2
967,379,171,2,491.64,983.28
968,380,116,1,430.05,430.05
969,380,92,4,189.08,756.32
970,381,154,2,389.06,778.12
971,381,12,5,217.55,1087.75
972,381,201,3,72.38,217.14
973,381,217,4,303.63,1214.52
974,382,201,4,72.38,289.52
975,382,37,5,10.97,54.85
976,382,145,3,231.09,693.27
977,383,281,4,274.11,1096.44
978,383,50,2,111.79,223.58
979,384,298,1,181.93,181.93
980,384,156,4,275.55,1102.2
981,384,84,5,11.27,56.35
982,385,227,4,91.06,364.24
983,385,150,2,125.08,250.16
984,386,112,2,338.69,677.38
985,386,5,3,223.98,671.94
986,387,76,4,126.02,504.08
987,388,87,1,250.72,250.72
988,388,50,3,111.79,335.37
989,388,243,2,46.6,93.2
990,388,27,1,198.92,198.92
991,389,304,4,269.18,1076.72
992,389,77,4,462.69,1850.76
993,389,126,1,329.57,329.57
994,390,124,4,402.54,1610.16
995,391,155,5,367.57,1837.85
996,391,89,4,261.03,1044.12
997,391,46,4,493.75,1975.0
998,391,333,4,14.86,59.44
999,392,324,4,474.44,1897.76
1000,392,189,1,35.83,35.83
1001,392,62,1,46.38,46.38
1002,393,63,4,44.12,176.48
1003,394,12,5,217.55,1087.75
1004,394,294,5,406.29,2031.45
1005,395,141,1,433.69,433.69
1006,395,304,2,269.18,538.36
1007,395,197,4,166.49,665.96
1008,395,331,4,32.8,131.2
1009,396,293,2,19.51,39.02
1010,396,51,3,461.68,1385.04
1011,396,33,5,124.34,621.7
1012,397,208,1,182.35,182.35
1013,397,202,5,386.22,1931.1
1014,398,33,5,124.34,621.7
1015,398,300,5,120.22,601.1
1016,398,64,2,460.86,921.72
1017,398,61,2,80.58,161.16
1018,399,3,5,460.35,2301.75
1019,399,229,3,428.03,1284.09
1020,400,21,2,18.28,36.56
1021,401,83,1,91.94,91.94
1022,401,288,3,285.0,855.0
1023,402,44,1,90.52,90.52
1024,403,187,5,200.2,1001.0
1025,403,88,4,176.62,706.48
1026,403,1,2,110.46,220.92
1027,404,24,5,106.7,533.5
1028,404,151,5,187.3,936.5
1029,404,228,2,476.29,952.58
1030,405,161,5,273.06,1365.3
1031,405,181,5,448.31,2241.55
1032,405,276,5,212.52,1062.6
1033,405,108,1,87.61,87.61
1034,406,122,1,480.37,480.37
1035,407,73,3,221.56,664.68
1036,407,111,2,447.66,895.32
1037,408,303,3,124.37,373.11
1038,408,143,2,158.8,317.6
1039,409,39,5,161.65,808.25
1040,409,131,3,413.87,1241.61
1041,409,196,2,416.79,833.58
1042,409,205,4,227.54,910.16
1043,410,131,4,413.87,1655.48
1044,411,275,2,194.59,389.18
1045,411,37,3,10.97,32.91
1046,412,191,5,69.7,348.5
1047,412,332,5,302.82,1514.1
1048,413,215,2,155.59,311.18
1049,413,162,4,319.79,1279.16
1050,414,14,5,127.65,638.25
1051,414,127,1,116.14,116.14
1052,414,139,1,203.46,203.46
1053,414,273,1,242.12,242.12
1054,415,34,3,320.85,962.55
1055,415,328,1,273.35,273.35
1056,415,186,3,320.42,961.26
1057,415,140,2,439.11,878.22
1058,416,141,1,433.69,433.69
1059,416,51,4,461.68,1846.72
1060,417,194,1,463.39,463.39
1061,417,64,2,460.86,921.72
1062,418,302,4,127.69,510.76
1063,418,49,5,11.83,59.15
1064,418,179,5,423.52,2117.6
1065,419,283,3,194.34,583.02
1066,419,312,1,467.93,467.93
1067,419,25,2,305.43,610.86
1068,420,200,2,472.06,944.12
1069,420,177,5,26.73,133.65
1070,420,283,5,194.34,971.7
1071,421,245,5,459.13,2295.65
1072,421,66,3,81.91,245.73
1073,421,5,5,223.98,1119.9
1074,421,80,2,32.24,64.48
1075,422,194,5,463.39,2316.95
1076,422,137,1,260.31,260.31
1077,423,128,5,127.89,639.45
1078,423,215,4,155.59,622.36
1079,423,94,4,437.36,1749.44
1080,424,240,5,203.29,1016.45
1081,424,147,3,149.34,448.02
1082,424,220,5,78.42,392.1
1083,425,157,1,399.01,399.01
1084,425,157,4,399.01,1596.04
1085,426,47,1,41.13,41.13
1086,426,40,2,196.48,392.96
1087,426,48,2,295.74,591.48
1088,427,44,3,90.52,271.56
1089,428,6,4,112.54,450.16
1090,428,261,2,194.45,388.9
1091,428,246,4,42.12,168.48
1092,428,264,5,454.61,2273.05
1093,429,208,1,182.35,182.35
1094,430,4,4,309.96,1239.84
1095,430,274,3,48.42,145.26
1096,431,271,5,251.95,1259.75
1097,431,22,5,424.3,2121.5
1098,432,87,5,250.72,1253.6
1099,432,116,2,430.05,860.1
1100,432,39,3,161.65,484.95
1101,432,69,5,382.8,1914.0
1102,433,27,4,198.92,795.68
1103,433,254,4,65.65,262.6
1104,433,88,3,176.62,529.86
1105,434,174,2,486.42,972.84
1106,435,149,3,371.09,1113.27
1107,436,151,3,187.3,561.9
1108,436,110,1,387.8,387.8
1109,436,324,5,474.44,2372.2
1110,436,202,2,386.22,772.44
1111,437,330,5,23.79,118.95
1112,437,19,4,146.04,584.16
1113,437,317,4,370.36,1481.44
1114,438,183,1,375.21,375.21
1115,439,169,3,157.22,471.66
1116,439,182,1,231.94,231.94
1117,439,3,3,460.35,1381.05
1118,439,96,4,63.44,253.76
1119,440,5,1,223.98,223.98
1120,440,221,4,357.02,1428.08
1121,440,102,1,487.65,487.65
1122,441,211,1,234.36,234.36
1123,441,250,1,405.6,405.6
1124,442,129,2,458.35,916.7
1125,442,241,4,344.71,1378.84
1126,443,154,3,389.06,1167.18
1127,443,220,2,78.42,156.84
1128,443,275,3,194.59,583.77
1129,444,225,4,152.93,611.72
1130,445,72,3,158.53,475.59
1131,445,223,1,201.14,201.14
1132,446,102,1,487.65,487.65
1133,446,98,3,170.83,512.49
1134,446,21,2,18.28,36.56
1135,447,216,3,353.83,1061.49
1136,447,17,2,302.49,604.98
1137,447,102,4,487.65,1950.6
1138,447,137,1,260.31,260.31
1139,448,251,5,50.53,252.65
1140,448,254,2,65.65,131.3
1141,448,167,4,191.26,765.04
1142,448,257,4,462.45,1849.8
1143,449,57,1,214.67,214.67
1144,449,11,2,179.01,358.02
1145,450,177,5,26.73,133.65
1146,450,7,2,448.81,897.62
1147,451,176,4,143.51,574.04
1148,452,223,4,201.14,804.56
1149,453,145,4,231.09,924.36
1150,453,43,4,275.45,1101.8
1151,453,127,5,116.14,580.7
1152,454,262,2,216.2,432.4
1153,454,128,3,127.89,383.67
1154,455,135,2,31.07,62.14
1155,456,102,4,487.65,1950.6
1156,456,53,5,202.0,1010.0
1157,456,313,2,495.81,991.62
1158,456,97,5,450.45,2252.25
1159,457,118,1,27.76,27.76
1160,457,68,4,295.29,1181.16
1161,458,141,2,433.69,867.38
1162,459,219,1,429.0,429.0
1163,459,316,2,162.41,324.82
1164,460,27,4,198.92,795.68
1165,461,269,3,310.4,931.2
1166,461,325,2,419.16,838.32
1167,461,114,3,371.69,1115.07
1168,461,219,4,429.0,1716.0
1169,462,262,4,216.2,864.8
1170,463,156,1,275.55,275.55
1171,464,187,3,200.2,600.6
1172,464,180,4,209.46,837.84
1173,464,127,3,116.14,348.42
1174,465,94,1,437.36,437.36
1175,466,27,3,198.92,596.76
1176,467,147,4,149.34,597.36
1177,467,144,5,47.76,238.8
1178,468,221,2,357.02,714.04
1179,469,252,3,424.4,1273.2
1180,469,172,3,212.81,638.43
1181,469,58,1,204.13,204.13
1182,470,283,2,194.34,388.68
1183,471,185,3,255.19,765.57
1184,471,302,5,127.69,638.45
1185,471,310,3,491.42,1474.26
1186,472,333,3,14.86,44.58
1187,472,108,5,87.61,438.05
1188,473,45,1,238.15,238.15
1189,473,67,5,166.74,833.7
1190,473,62,1,46.38,46.38
1191,473,301,2,84.01,168.02
1192,474,229,1,428.03,428.03
1193,474,39,5,161.65,808.25
1194,475,155,4,367.57,1470.28
1195,475,104,5,250.59,1252.95
1196,475,79,1,308.09,308.09
1197,476,99,4,217.52,870.08
1198,476,282,3,14.67,44.01
1199,477,188,4,297.99,1191.96
1200,477,323,1,75.34,75.34
1201,477,224,1,29.23,29.23
1202,478,215,5,155.59,777.95
1203,478,258,1,219.41,219.41
1204,478,86,5,10.62,53.1
1205,478,141,2,433.69,867.38
1206,479,24,5,106.7,533.5
1207,479,32,2,196.01,392.02
1208,479,204,4,57.3,229.2
1209,480,85,4,72.92,291.68
1210,481,288,4,285.0,1140.0
1211,481,206,5,160.45,802.25
1212,481,140,2,439.11,878.22
1213,481,95,1,367.8,367.8
1214,482,293,2,19.51,39.02
1215,482,304,1,269.18,269.18
1216,483,258,5,219.41,1097.05
1217,483,133,3,64.1,192.3
1218,483,113,3,62.09,186.27
1219,483,138,5,27.73,138.65
1220,484,88,2,176.62,353.24
1221,485,274,2,48.42,96.84
1222,486,21,2,18.28,36.56
1223,486,143,2,158.8,317.6
1224,486,139,1,203.46,203.46
1225,487,108,5,87.61,438.05
1226,487,60,1,271.14,271.14
1227,488,324,5,474.44,2372.2
1228,488,189,3,35.83,107.49
1229,488,43,5,275.45,1377.25
1230,489,69,4,382.8,1531.2
1231,489,314,3,90.99,272.97
1232,489,167,1,191.26,191.26
1233,490,183,2,375.21,750.42
1234,491,91,3,133.33,399.99
1235,491,9,5,65.96,329.8
1236,491,299,1,294.07,294.07
1237,492,132,5,287.91,1439.55
1238,492,283,2,194.34,388.68
1239,492,227,2,91.06,182.12
1240,492,167,3,191.26,573.78
1241,493,298,4,181.93,727.72
1242,493,80,4,32.24,128.96
1243,494,223,3,201.14,603.42
1244,494,76,4,126.02,504.08
1245,495,254,2,65.65,131.3
1246,496,95,2,367.8,735.6
1247,496,97,5,450.45,2252.25
1248,496,252,2,424.4,848.8
1249,496,332,3,302.82,908.46
1250,497,159,2,466.54,933.08
1251,498,202,5,386.22,1931.1
1252,498,97,1,450.45,450.45
1253,499,37,4,10.97,43.88
1254,499,126,4,329.57,1318.28
1255,500,52,5,474.6,2373.0
1256,500,71,1,323.36,323.36
1257,500,309,1,289.97,289.97
1258,500,194,4,463.39,1853.56
1259,501,57,1,214.67,214.67
1260,502,68,2,295.29,590.58
1261,503,138,2,27.73,55.46
1262,504,5,1,223.98,223.98
1263,505,44,2,90.52,181.04
1264,505,72,4,158.53,634.12
1265,505,289,4,164.19,656.76
1266,506,158,3,79.53,238.59
1267,506,246,2,42.12,84.24
1268,507,29,5,392.98,1964.9
1269,507,137,5,260.31,1301.55
1270,508,11,1,179.01,179.01
1271,509,279,3,128.33,384.99
1272,510,262,4,216.2,864.8
1273,511,1,2,110.46,220.92
1274,511,13,2,396.58,793.16
1275,512,198,2,229.12,458.24
1276,512,181,3,448.31,1344.93
1277,512,116,4,430.05,1720.2
1278,512,58,4,204.13,816.52
1279,513,57,2,214.67,429.34
1280,513,53,3,202.0,606.0
1281,514,40,5,196.48,982.4
1282,514,171,1,491.64,491.64
1283,514,185,1,255.19,255.19
1284,515,310,2,491.42,982.84
1285,516,220,5,78.42,392.1
1286,516,172,5,212.81,1064.05
1287,517,218,2,111.44,222.88
1288,517,155,5,367.57,1837.85
1289,518,179,1,423.52,423.52
1290,518,139,4,203.46,813.84
1291,518,189,3,35.83,107.49
1292,519,2,2,375.39,750.78
1293,520,164,2,9.75,19.5
1294,520,200,4,472.06,1888.24
1295,521,35,1,40.15,40.15
1296,521,296,4,405.28,1621.12
1297,521,143,2,158.8,317.6
1298,521,47,3,41.13,123.39
1299,522,94,4,437.36,1749.44
1300,522,181,3,448.31,1344.93
1301,523,218,4,111.44,445.76
1302,523,212,5,426.98,2134.9
1303,523,326,3,406.15,1218.45
1304,523,71,2,323.36,646.72
1305,524,215,5,155.59,777.95
1306,524,255,5,471.43,2357.15
1307,524,274,4,48.42,193.68
1308,524,273,5,242.12,1210.6
1309,525,197,1,166.49,166.49
1310,525,298,4,181.93,727.72
1311,526,45,2,238.15,476.3
1312,526,186,1,320.42,320.42
1313,527,9,3,65.96,197.88
1314,527,286,4,391.81,1567.24
1315,528,57,1,214.67,214.67
1316,528,179,3,423.52,1270.56
1317,529,151,4,187.3,749.2
1318,529,74,5,476.95,2384.75
1319,530,125,2,358.44,716.88
1320,530,115,1,6.27,6.27
1321,530,71,1,323.36,323.36
1322,530,74,4,476.95,1907.8
1323,531,218,3,111.44,334.32
1324,532,55,5,357.75,1788.75
1325,533,245,5,459.13,2295.65
1326,534,16,2,127.84,255.68
1327,534,188,2,297.99,595.98
1328,535,126,1,329.57,329.57
1329,536,292,4,300.57,1202.28
1330,537,94,4,437.36,1749.44
1331,537,72,5,158.53,792.65
1332,538,241,4,344.71,1378.84
1333,538,173,4,480.79,1923.16
1334,538,331,1,32.8,32.8
1335,539,57,2,214.67,429.34
1336,539,31,1,123.47,123.47
1337,539,310,2,491.42,982.84
1338,540,6,4,112.54,450.16
1339,540,217,4,303.63,1214.52
1340,541,293,5,19.51,97.55
1341,541,157,2,399.01,798.02
1342,541,217,2,303.63,607.26
1343,542,48,5,295.74,1478.7
1344,542,194,2,463.39,926.78
1345,542,109,4,82.87,331.48
1346,543,113,4,62.09,248.36
1347,544,287,5,175.3,876.5
1348,544,40,4,196.48,785.92
1349,545,161,4,273.06,1092.24
1350,545,195,2,199.51,399.02
1351,545,28,3,324.85,974.55
1352,545,332,4,302.82,1211.28
1353,546,139,1,203.46,203.46
1354,546,54,1,146.81,146.81
1355,547,309,3,289.97,869.91
1356,547,15,2,324.09,648.18
1357,547,145,2,231.09,462.18
1358,548,34,2,320.85,641.7
1359,549,159,2,466.54,933.08
1360,550,327,1,485.34,485.34
1361,550,124,3,402.54,1207.62
1362,551,292,5,300.57,1502.85
1363,552,289,4,164.19,656.76
1364,553,25,3,305.43,916.29
1365,554,159,1,466.54,466.54
1366,555,145,4,231.09,924.36
1367,555,257,2,462.45,924.9
1368,555,162,4,319.79,1279.16
1369,556,67,1,166.74,166.74
1370,556,170,4,106.57,426.28
1371,556,258,1,219.41,219.41
1372,557,13,5,396.58,1982.9
1373,557,196,4,416.79,1667.16
1374,558,149,2,371.09,742.18
1375,559,238,1,115.03,115.03
1376,559,321,1,179.08,179.08
1377,560,111,2,447.66,895.32
1378,560,83,5,91.94,459.7
1379,561,230,2,280.2,560.4
1380,561,174,3,486.42,1459.26
1381,561,185,5,255.19,1275.95
1382,562,21,4,18.28,73.12
1383,562,123,2,22.5,45.0
1384,562,313,5,495.81,2479.05
1385,562,39,2,161.65,323.3
1386,563,50,1,111.79,111.79
1387,563,74,3,476.95,1430.85
1388,563,281,1,274.11,274.11
1389,563,256,1,30.07,30.07
1390,564,161,2,273.06,546.12
1391,564,152,2,486.07,972.14
1392,564,35,3,40.15,120.45
1393,564,296,3,405.28,1215.84
1394,565,46,1,493.75,493.75
1395,565,92,4,189.08,756.32
1396,565,133,4,64.1,256.4
1397,566,227,2,91.06,182.12
1398,566,64,5,460.86,2304.3
1399,566,250,1,405.6,405.6
1400,567,147,4,149.34,597.36
1401,567,210,5,228.7,1143.5
1402,567,67,4,166.74,666.96
1403,568,263,5,180.2,901.0
1404,568,161,3,273.06,819.18
1405,568,43,4,275.45,1101.8
1406,569,135,1,31.07,31.07
1407,569,318,1,182.6,182.6
1408,569,126,5,329.57,1647.85
1409,569,5,2,223.98,447.96
1410,570,149,4,371.09,1484.36
1411,571,292,4,300.57,1202.28
1412,571,38,2,183.74,367.48
1413,572,237,1,391.58,391.58
1414,572,179,4,423.52,1694.08
1415,572,240,5,203.29,1016.45
1416,572,239,1,103.08,103.08
1417,573,93,1,376.14,376.14
1418,574,222,2,484.36,968.72
1419,574,206,3,160.45,481.35
1420,574,34,3,320.85,962.55
1421,574,176,5,143.51,717.55
1422,575,109,4,82.87,331.48
1423,575,59,3,322.07,966.21
1424,575,233,1,55.44,55.44
1425,575,280,2,497.07,994.14
1426,576,75,2,123.13,246.26
1427,576,164,5,9.75,48.75
1428,576,17,5,302.49,1512.45
1429,576,195,1,199.51,199.51
1430,577,221,4,357.02,1428.08
1431,577,110,1,387.8,387.8
1432,577,109,1,82.87,82.87
1433,578,139,3,203.46,610.38
1434,578,326,2,406.15,812.3
1435,578,43,2,275.45,550.9
1436,578,36,3,444.92,1334.76
1437,579,42,3,213.33,639.99
1438,579,232,4,51.89,207.56
1439,579,269,2,310.4,620.8
1440,579,133,2,64.1,128.2
1441,580,48,4,295.74,1182.96
1442,581,153,2,498.9,997.8
1443,581,102,3,487.65,1462.95
1444,581,215,4,155.59,622.36
1445,582,275,2,194.59,389.18
1446,582,224,3,29.23,87.69
1447,582,293,4,19.51,78.04
1448,582,6,5,112.54,562.7
1449,583,40,5,196.48,982.4
1450,583,316,2,162.41,324.82
1451,584,163,1,348.26,348.26
1452,584,78,4,62.41,249.64
1453,584,76,4,126.02,504.08
1454,585,59,4,322.07,1288.28
1455,585,135,5,31.07,155.35
1456,585,2,4,375.39,1501.56
1457,586,325,4,419.16,1676.64
1458,586,328,5,273.35,1366.75
1459,587,19,2,146.04,292.08
1460,588,216,5,353.83,1769.15
1461,588,86,5,10.62,53.1
1462,589,111,3,447.66,1342.98
1463,589,108,2,87.61,175.22
1464,589,296,1,405.28,405.28
1465,589,190,3,332.91,998.73
1466,590,155,3,367.57,1102.71
1467,591,256,4,30.07,120.28
1468,592,211,3,234.36,703.08
1469,592,181,5,448.31,2241.55
1470,592,219,5,429.0,2145.0
1471,592,172,1,212.81,212.81
1472,593,235,4,65.12,260.48
1473,593,192,2,149.38,298.76
1474,594,278,4,399.61,1598.44
1475,594,196,3,416.79,1250.37
1476,595,325,3,419.16,1257.48
1477,595,318,1,182.6,182.6
1478,595,45,1,238.15,238.15
1479,595,46,1,493.75,493.75
1480,596,54,4,146.81,587.24
1481,596,320,5,353.21,1766.05
1482,596,52,4,474.6,1898.4
1483,596,258,5,219.41,1097.05
1484,597,149,4,371.09,1484.36
1485,598,115,4,6.27,25.08
1486,598,283,4,194.34,777.36
1487,599,101,4,135.16,540.64
1488,600,180,4,209.46,837.84
1489,601,331,4,32.8,131.2
1490,601,4,3,309.96,929.88
1491,601,115,5,6.27,31.35
1492,601,146,3,187.62,562.86
1493,602,158,4,79.53,318.12
1494,602,124,1,402.54,402.54
1495,602,213,1,49.76,49.76
1496,603,14,2,127.65,255.3
1497,604,266,5,225.78,1128.9
1498,604,163,3,348.26,1044.78
1499,604,88,5,176.62,883.1
1500,605,124,5,402.54,2012.7
1501,605,201,2,72.38,144.76
1502,605,316,4,162.41,649.64
1503,605,27,5,198.92,994.6
1504,606,66,4,81.91,327.64
1505,606,89,4,261.03,1044.12
1506,606,163,5,348.26,1741.3
1507,606,82,4,330.74,1322.96
1508,607,51,2,461.68,923.36
1509,607,259,1,363.59,363.59
1510,608,322,3,285.99,857.97
1511,608,284,2,358.12,716.24
1512,608,166,2,380.67,761.34
1513,608,48,1,295.74,295.74
1514,609,224,1,29.23,29.23
1515,610,15,5,324.09,1620.45
1516,610,279,1,128.33,128.33
1517,611,13,2,396.58,793.16
1518,611,233,3,55.44,166.32
1519,611,96,2,63.44,126.88
1520,611,114,3,371.69,1115.07
1521,612,275,2,194.59,389.18
1522,612,194,3,463.39,1390.17
1523,613,141,1,433.69,433.69
1524,614,322,1,285.99,285.99
1525,614,327,5,485.34,2426.7
1526,615,57,4,214.67,858.68
1527,616,55,2,357.75,715.5
1528,617,135,2,31.07,62.14
1529,617,48,1,295.74,295.74
1530,617,254,3,65.65,196.95
1531,618,201,1,72.38,72.38
1532,618,252,1,424.4,424.4
1533,619,38,4,183.74,734.96
1534,619,321,1,179.08,179.08
1535,619,108,4,87.61,350.44
1536,619,193,3,426.2,1278.6
1537,620,83,2,91.94,183.88
1538,620,153,1,498.9,498.9
1539,620,92,5,189.08,945.4
1540,620,324,5,474.44,2372.2
1541,621,61,3,80.58,241.74
1542,622,248,5,102.89,514.45
1543,622,308,5,474.16,2370.8
1544,622,3,2,460.35,920.7
1545,623,63,2,44.12,88.24
1546,623,311,1,197.27,197.27
1547,623,275,1,194.59,194.59
1548,624,111,3,447.66,1342.98
1549,624,59,2,322.07,644.14
1550,625,168,2,370.35,740.7
1551,626,43,2,275.45,550.9
1552,626,138,3,27.73,83.19
1553,627,103,1,315.63,315.63
1554,627,179,5,423.52,2117.6
1555,627,151,4,187.3,749.2
1556,627,254,4,65.65,262.6
1557,628,99,3,217.52,652.56
1558,628,89,2,261.03,522.06
1559,628,144,4,47.76,191.04
1560,628,53,5,202.0,1010.0
1561,629,85,2,72.92,145.84
1562,629,250,4,405.6,1622.4
1563,629,229,4,428.03,1712.12
1564,630,164,5,9.75,48.75
1565,630,56,5,384.72,1923.6
1566,630,197,4,166.49,665.96
1567,631,291,3,17.9,53.7
1568,631,192,1,149.38,149.38
1569,632,86,1,10.62,10.62
1570,632,262,3,216.2,648.6
1571,632,301,4,84.01,336.04
1572,632,151,5,187.3,936.5
1573,633,204,1,57.3,57.3
1574,633,59,2,322.07,644.14
1575,633,166,4,380.67,1522.68
1576,634,184,2,292.48,584.96
1577,634,38,2,183.74,367.48
1578,635,191,2,69.7,139.4
1579,635,161,1,273.06,273.06
1580,635,5,3,223.98,671.94
1581,636,169,2,157.22,314.44
1582,637,291,3,17.9,53.7
1583,637,120,5,460.51,2302.55
1584,637,34,4,320.85,1283.4
1585,637,146,5,187.62,938.1
1586,638,270,2,325.4,650.8
1587,638,53,5,202.0,1010.0
1588,639,312,1,467.93,467.93
1589,639,294,4,406.29,1625.16
1590,639,223,3,201.14,603.42
1591,640,102,2,487.65,975.3
1592,640,26,4,98.38,393.52
1593,640,256,1,30.07,30.07
1594,641,216,1,353.83,353.83
1595,641,64,4,460.86,1843.44
1596,641,88,5,176.62,883.1
1597,642,303,4,124.37,497.48
1598,642,122,5,480.37,2401.85
1599,642,11,3,179.01,537.03
1600,643,330,5,23.79,118.95
1601,644,237,3,391.58,1174.74
1602,645,207,1,64.76,64.76
1603,645,274,5,48.42,242.1
1604,646,173,1,480.79,480.79
1605,647,241,1,344.71,344.71
1606,648,155,3,367.57,1102.71
1607,648,163,3,348.26,1044.78
1608,648,205,1,227.54,227.54
1609,648,285,3,242.44,727.32
1610,649,314,1,90.99,90.99
1611,649,202,3,386.22,1158.66
1612,649,233,4,55.44,221.76
1613,649,329,1,91.9,91.9
1614,650,317,1,370.36,370.36
1615,650,15,2,324.09,648.18
1616,650,25,1,305.43,305.43
1617,651,54,3,146.81,440.43
1618,651,224,2,29.23,58.46
1619,652,46,2,493.75,987.5
1620,652,189,5,35.83,179.15
1621,653,27,3,198.92,596.76
1622,654,57,1,214.67,214.67
1623,655,39,3,161.65,484.95
1624,655,169,5,157.22,786.1
1625,655,195,3,199.51,598.53
1626,656,71,5,323.36,1616.8
1627,656,236,1,35.53,35.53
1628,657,164,2,9.75,19.5
1629,657,300,4,120.22,480.88
1630,658,63,5,44.12,220.6
1631,658,271,2,251.95,503.9
1632,658,296,4,405.28,1621.12
1633,658,251,3,50.53,151.59
1634,659,248,2,102.89,205.78
1635,659,48,3,295.74,887.22
1636,659,152,1,486.07,486.07
1637,660,286,2,391.81,783.62
1638,660,332,2,302.82,605.64
1639,660,40,1,196.48,196.48
1640,661,31,2,123.47,246.94
1641,661,7,2,448.81,897.62
1642,661,240,4,203.29,813.16
1643,661,97,4,450.45,1801.8
1644,662,175,2,75.47,150.94
1645,663,160,4,16.84,67.36
1646,663,79,5,308.09,1540.45
1647,663,55,2,357.75,715.5
1648,664,187,4,200.2,800.8
1649,664,232,5,51.89,259.45
1650,665,205,2,227.54,455.08
1651,665,36,3,444.92,1334.76
1652,666,85,3,72.92,218.76
1653,666,296,1,405.28,405.28
1654,666,76,4,126.02,504.08
1655,666,55,1,357.75,357.75
1656,667,9,4,65.96,263.84
1657,667,96,3,63.44,190.32
1658,668,244,5,295.13,1475.65
1659,669,181,3,448.31,1344.93
1660,669,61,5,80.58,402.9
1661,669,44,3,90.52,271.56
1662,669,221,2,357.02,714.04
1663,670,204,5,57.3,286.5
1664,670,221,5,357.02,1785.1
1665,671,28,4,324.85,1299.4
1666,671,140,3,439.11,1317.33
1667,671,51,1,461.68,461.68
1668,672,217,2,303.63,607.26
1669,672,151,2,187.3,374.6
1670,672,207,2,64.76,129.52
1671,672,305,3,396.66,1189.98
1672,673,266,4,225.78,903.12
1673,673,56,1,384.72,384.72
1674,673,331,2,32.8,65.6
1675,673,57,2,214.67,429.34
1676,674,28,1,324.85,324.85
1677,675,123,1,22.5,22.5
1678,675,273,1,242.12,242.12
1679,675,142,2,387.9,775.8
1680,676,201,4,72.38,289.52
1681,676,52,2,474.6,949.2
1682,676,138,4,27.73,110.92
1683,676,106,2,32.44,64.88
1684,677,178,3,119.58,358.74
1685,677,306,3,369.84,1109.52
1686,678,49,2,11.83,23.66
1687,679,157,2,399.01,798.02
1688,679,88,3,176.62,529.86
1689,679,36,2,444.92,889.84
1690,679,96,3,63.44,190.32
1691,680,73,1,221.56,221.56
1692,680,243,4,46.6,186.4
1693,680,172,1,212.81,212.81
1694,680,91,3,133.33,399.99
1695,681,88,1,176.62,176.62
1696,682,243,5,46.6,233.0
1697,682,1,4,110.46,441.84
1698,682,127,4,116.14,464.56
1699,683,24,1,106.7,106.7
1700,684,117,5,11.08,55.4
1701,684,258,2,219.41,438.82
1702,684,76,1,126.02,126.02
1703,685,156,3,275.55,826.65
1704,686,252,3,424.4,1273.2
1705,686,280,3,497.07,1491.21
1706,686,250,3,405.6,1216.8
1707,686,187,4,200.2,800.8
1708,687,181,3,448.31,1344.93
1709,688,266,5,225.78,1128.9
1710,688,248,1,102.89,102.89
1711,688,139,5,203.46,1017.3
1712,689,76,4,126.02,504.08
1713,690,73,3,221.56,664.68
1714,690,255,1,471.43,471.43
1715,691,296,4,405.28,1621.12
1716,691,185,2,255.19,510.38
1717,692,100,4,264.31,1057.24
1718,693,141,5,433.69,2168.45
1719,694,270,2,325.4,650.8
1720,694,136,3,115.48,346.44
1721,694,170,4,106.57,426.28
1722,694,302,4,127.69,510.76
1723,695,159,2,466.54,933.08
1724,695,22,5,424.3,2121.5
1725,695,267,3,78.57,235.71
1726,696,222,4,484.36,1937.44
1727,697,148,1,393.33,393.33
1728,697,5,4,223.98,895.92
1729,697,76,4,126.02,504.08
1730,698,268,3,308.98,926.94
1731,698,320,5,353.21,1766.05
1732,699,156,4,275.55,1102.2
1733,699,148,1,393.33,393.33
1734,700,8,4,74.31,297.24
1735,700,21,2,18.28,36.56
1736,700,145,5,231.09,1155.45
1737,701,28,4,324.85,1299.4
1738,702,3,4,460.35,1841.4
1739,702,181,1,448.31,448.31
1740,702,26,3,98.38,295.14
1741,703,180,3,209.46,628.38
1742,703,258,5,219.41,1097.05
1743,704,45,3,238.15,714.45
1744,704,74,2,476.95,953.9
1745,705,300,1,120.22,120.22
1746,705,149,2,371.09,742.18
1747,705,17,4,302.49,1209.96
1748,705,182,2,231.94,463.88
1749,706,217,4,303.63,1214.52
1750,706,51,3,461.68,1385.04
1751,706,155,5,367.57,1837.85
1752,706,160,2,16.84,33.68
1753,707,166,5,380.67,1903.35
1754,707,72,2,158.53,317.06
1755,707,129,2,458.35,916.7
1756,707,214,5,404.76,2023.8
1757,708,155,3,367.57,1102.71
1758,708,44,3,90.52,271.56
1759,709,280,2,497.07,994.14
1760,709,193,4,426.2,1704.8
1761,709,50,2,111.79,223.58
1762,709,270,4,325.4,1301.6
1763,710,258,3,219.41,658.23
1764,710,240,3,203.29,609.87
1765,710,219,4,429.0,1716.0
1766,711,211,4,234.36,937.44
1767,711,15,5,324.09,1620.45
1768,711,14,4,127.65,510.6
1769,711,46,2,493.75,987.5
1770,712,125,5,358.44,1792.2
1771,712,263,3,180.2,540.6
1772,712,66,5,81.91,409.55
1773,713,28,4,324.85,1299.4
1774,713,65,4,487.29,1949.16
1775,713,4,4,309.96,1239.84
1776,714,28,1,324.85,324.85
1777,714,29,3,392.98,1178.94
1778,714,333,1,14.86,14.86
1779,714,171,5,491.64,2458.2
1780,715,149,5,371.09,1855.45
1781,716,170,1,106.57,106.57
1782,716,63,5,44.12,220.6
1783,716,262,1,216.2,216.2
1784,716,105,5,257.84,1289.2
1785,717,288,4,285.0,1140.0
1786,717,70,2,326.67,653.34
1787,718,155,3,367.57,1102.71
1788,718,4,4,309.96,1239.84
1789,719,59,1,322.07,322.07
1790,719,1,2,110.46,220.92
1791,720,267,1,78.57,78.57
1792,721,105,1,257.84,257.84
1793,721,243,1,46.6,46.6
1794,722,201,1,72.38,72.38
1795,722,63,3,44.12,132.36
1796,722,208,4,182.35,729.4
1797,722,95,2,367.8,735.6
1798,723,314,4,90.99,363.96
1799,723,316,1,162.41,162.41
1800,723,222,2,484.36,968.72
1801,724,95,2,367.8,735.6
1802,725,88,5,176.62,883.1
1803,725,280,2,497.07,994.14
1804,726,246,3,42.12,126.36
1805,726,149,1,371.09,371.09
1806,726,302,4,127.69,510.76
1807,726,189,3,35.83,107.49
1808,727,198,1,229.12,229.12
1809,727,238,4,115.03,460.12
1810,727,218,2,111.44,222.88
1811,727,15,3,324.09,972.27
1812,728,62,5,46.38,231.9
1813,728,200,1,472.06,472.06
1814,728,298,3,181.93,545.79
1815,728,18,5,361.98,1809.9
1816,729,22,3,424.3,1272.9
1817,729,72,4,158.53,634.12
1818,729,235,3,65.12,195.36
1819,729,5,2,223.98,447.96
1820,730,257,5,462.45,2312.25
1821,730,108,3,87.61,262.83
1822,730,269,4,310.4,1241.6
1823,731,90,2,412.14,824.28
1824,732,289,3,164.19,492.57
1825,732,236,2,35.53,71.06
1826,732,143,3,158.8,476.4
1827,733,35,4,40.15,160.6
1828,733,193,4,426.2,1704.8
1829,733,311,2,197.27,394.54
1830,733,295,5,144.06,720.3
1831,734,67,3,166.74,500.22
1832,734,302,5,127.69,638.45
1833,734,179,5,423.52,2117.6
1834,735,35,1,40.15,40.15
1835,735,16,2,127.84,255.68
1836,735,119,1,185.17,185.17
1837,735,55,4,357.75,1431.0
1838,736,166,2,380.67,761.34
1839,736,122,1,480.37,480.37
1840,736,90,4,412.14,1648.56
1841,736,216,1,353.83,353.83
1842,737,314,3,90.99,272.97
1843,738,20,1,470.93,470.93
1844,739,192,5,149.38,746.9
1845,739,324,1,474.44,474.44
1846,739,90,3,412.14,1236.42
1847,739,56,4,384.72,1538.88
1848,740,69,5,382.8,1914.0
1849,740,285,2,242.44,484.88
1850,740,101,3,135.16,405.48
1851,740,252,4,424.4,1697.6
1852,741,116,2,430.05,860.1
1853,741,83,4,91.94,367.76
1854,741,271,2,251.95,503.9
1855,742,299,1,294.07,294.07
1856,743,105,1,257.84,257.84
1857,744,3,3,460.35,1381.05
1858,744,209,5,386.32,1931.6
1859,745,175,2,75.47,150.94
1860,746,98,2,170.83,341.66
1861,746,293,4,19.51,78.04
1862,746,257,3,462.45,1387.35
1863,746,183,5,375.21,1876.05
1864,747,35,4,40.15,160.6
1865,747,219,4,429.0,1716.0
1866,748,292,1,300.57,300.57
1867,749,265,3,141.12,423.36
1868,749,52,1,474.6,474.6
1869,750,119,1,185.17,185.17
1870,750,308,5,474.16,2370.8
1871,750,170,1,106.57,106.57
1872,750,115,3,6.27,18.81
1873,751,200,3,472.06,1416.18
1874,751,35,2,40.15,80.3
1875,751,148,1,393.33,393.33
1876,752,266,5,225.78,1128.9
1877,752,257,3,462.45,1387.35
1878,753,317,1,370.36,370.36
1879,753,280,1,497.07,497.07
1880,753,299,4,294.07,1176.28
1881,753,135,1,31.07,31.07
1882,754,174,4,486.42,1945.68
1883,755,103,3,315.63,946.89
1884,755,31,2,123.47,246.94
1885,755,105,5,257.84,1289.2
1886,756,32,2,196.01,392.02
1887,756,253,1,405.4,405.4
1888,756,289,5,164.19,820.95
1889,757,178,1,119.58,119.58
1890,758,307,5,383.2,1916.0
1891,758,42,5,213.33,1066.65
1892,758,246,2,42.12,84.24
1893,758,139,1,203.46,203.46
1894,759,19,4,146.04,584.16
1895,760,333,3,14.86,44.58
1896,760,221,4,357.02,1428.08
1897,761,117,1,11.08,11.08
1898,761,29,1,392.98,392.98
1899,761,101,5,135.16,675.8
1900,762,10,5,366.35,1831.75
1901,762,247,1,498.59,498.59
1902,762,199,4,120.64,482.56
1903,762,65,4,487.29,1949.16
1904,763,282,2,14.67,29.34
1905,763,60,4,271.14,1084.56
1906,763,61,5,80.58,402.9
1907,763,189,3,35.83,107.49
1908,764,176,4,143.51,574.04
1909,764,30,2,397.92,795.84
1910,765,48,5,295.74,1478.7
1911,765,6,2,112.54,225.08
1912,766,275,5,194.59,972.95
1913,766,24,1,106.7,106.7
1914,766,128,1,127.89,127.89
1915,766,40,1,196.48,196.48
1916,767,225,2,152.93,305.86
1917,767,145,1,231.09,231.09
1918,768,180,5,209.46,1047.3
1919,768,126,3,329.57,988.71
1920,768,67,5,166.74,833.7
1921,769,246,1,42.12,42.12
1922,769,40,1,196.48,196.48
1923,769,129,5,458.35,2291.75
1924,769,106,4,32.44,129.76
1925,770,113,4,62.09,248.36
1926,770,155,3,367.57,1102.71
1927,770,283,3,194.34,583.02
1928,771,270,3,325.4,976.2
1929,771,164,5,9.75,48.75
1930,772,28,3,324.85,974.55
1931,773,319,4,297.82,1191.28
1932,773,144,1,47.76,47.76
1933,773,105,2,257.84,515.68
1934,773,267,2,78.57,157.14
1935,774,284,2,358.12,716.24
1936,774,63,3,44.12,132.36
1937,774,73,1,221.56,221.56
1938,775,226,4,410.94,1643.76
1939,775,59,1,322.07,322.07
1940,776,18,3,361.98,1085.94
1941,776,143,5,158.8,794.0
1942,776,197,3,166.49,499.47
1943,776,44,1,90.52,90.52
1944,777,313,4,495.81,1983.24
1945,777,254,1,65.65,65.65
1946,777,196,4,416.79,1667.16
1947,778,23,2,438.53,877.06
1948,778,106,4,32.44,129.76
1949,778,95,4,367.8,1471.2
1950,778,273,1,242.12,242.12
1951,779,17,5,302.49,1512.45
1952,779,179,1,423.52,423.52
1953,779,312,3,467.93,1403.79
1954,780,303,2,124.37,248.74
1955,780,15,3,324.09,972.27
1956,780,319,4,297.82,1191.28
1957,781,30,1,397.92,397.92
1958,781,284,4,358.12,1432.48
1959,781,148,5,393.33,1966.65
1960,781,238,4,115.03,460.12
1961,782,84,4,11.27,45.08
1962,782,240,2,203.29,406.58
1963,782,68,1,295.29,295.29
1964,783,141,1,433.69,433.69
1965,783,128,5,127.89,639.45
1966,783,152,3,486.07,1458.21
1967,784,20,5,470.93,2354.65
1968,784,141,3,433.69,1301.07
1969,784,138,3,27.73,83.19
1970,784,312,1,467.93,467.93
1971,785,158,5,79.53,397.65
1972,786,136,2,115.48,230.96
1973,786,228,4,476.29,1905.16
1974,786,9,4,65.96,263.84
1975,787,239,1,103.08,103.08
1976,788,246,5,42.12,210.6
1977,788,112,4,338.69,1354.76
1978,788,30,5,397.92,1989.6
1979,789,142,5,387.9,1939.5
1980,790,33,4,124.34,497.36
1981,790,93,3,376.14,1128.42
1982,790,142,3,387.9,1163.7
1983,791,66,2,81.91,163.82
1984,791,323,2,75.34,150.68
1985,791,76,5,126.02,630.1
1986,791,26,2,98.38,196.76
1987,792,20,2,470.93,941.86
1988,793,297,3,238.48,715.44
1989,793,22,5,424.3,2121.5
1990,793,117,1,11.08,11.08
1991,793,133,3,64.1,192.3
1992,794,181,5,448.31,2241.55
1993,795,308,2,474.16,948.32
1994,796,56,1,384.72,384.72
1995,796,260,4,250.58,1002.32
1996,796,58,5,204.13,1020.65
1997,797,122,2,480.37,960.74
1998,798,293,3,19.51,58.53
1999,798,213,1,49.76,49.76
2000,798,329,4,91.9,367.6
2001,799,74,1,476.95,476.95
2002,799,168,5,370.35,1851.75
2003,799,185,3,255.19,765.57
2004,800,192,4,149.38,597.52
2005,800,151,5,187.3,936.5
2006,800,16,2,127.84,255.68
2007,800,189,1,35.83,35.83
2008,801,77,5,462.69,2313.45
2009,801,14,1,127.65,127.65
2010,801,312,2,467.93,935.86
2011,802,262,5,216.2,1081.0
2012,802,298,3,181.93,545.79
2013,802,111,4,447.66,1790.64
2014,803,77,4,462.69,1850.76
2015,804,40,2,196.48,392.96
2016,805,276,1,212.52,212.52
2017,805,271,1,251.95,251.95
2018,805,311,4,197.27,789.08
2019,805,269,5,310.4,1552.0
2020,806,163,3,348.26,1044.78
2021,806,100,5,264.31,1321.55
2022,806,151,2,187.3,374.6
2023,806,169,2,157.22,314.44
2024,807,119,4,185.17,740.68
2025,807,162,1,319.79,319.79
2026,807,124,4,402.54,1610.16
2027,808,186,1,320.42,320.42
2028,808,181,5,448.31,2241.55
2029,808,259,1,363.59,363.59
2030,808,186,4,320.42,1281.68
2031,809,230,4,280.2,1120.8
2032,809,118,5,27.76,138.8
2033,810,276,2,212.52,425.04
2034,810,209,5,386.32,1931.6
2035,811,311,3,197.27,591.81
2036,811,147,3,149.34,448.02
2037,812,61,1,80.58,80.58
2038,812,210,4,228.7,914.8
2039,812,259,2,363.59,727.18
2040,813,324,2,474.44,948.88
2041,813,93,4,376.14,1504.56
2042,813,8,2,74.31,148.62
2043,813,62,4,46.38,185.52
2044,814,284,4,358.12,1432.48
2045,814,52,2,474.6,949.2
2046,814,18,4,361.98,1447.92
2047,815,86,1,10.62,10.62
2048,816,264,5,454.61,2273.05
2049,816,199,4,120.64,482.56
2050,817,66,4,81.91,327.64
2051,817,286,2,391.81,783.62
2052,817,151,1,187.3,187.3
2053,818,173,5,480.79,2403.95
2054,818,312,5,467.93,2339.65
2055,818,56,1,384.72,384.72
2056,819,182,4,231.94,927.76
2057,820,323,4,75.34,301.36
2058,820,224,3,29.23,87.69
2059,820,245,2,459.13,918.26
2060,820,94,5,437.36,2186.8
2061,821,78,1,62.41,62.41
2062,822,333,4,14.86,59.44
2063,822,195,3,199.51,598.53
2064,822,225,2,152.93,305.86
2065,823,50,2,111.79,223.58
2066,823,153,4,498.9,1995.6
2067,823,175,1,75.47,75.47
2068,824,147,3,149.34,448.02
2069,824,197,3,166.49,499.47
2070,824,92,2,189.08,378.16
2071,824,22,2,424.3,848.6
2072,825,266,3,225.78,677.34
2073,825,295,5,144.06,720.3
2074,825,161,1,273.06,273.06
2075,825,178,3,119.58,358.74
2076,826,61,3,80.58,241.74
2077,826,141,4,433.69,1734.76
2078,827,115,2,6.27,12.54
2079,827,148,3,393.33,1179.99
2080,827,311,1,197.27,197.27
2081,827,119,3,185.17,555.51
2082,828,50,2,111.79,223.58
2083,828,283,5,194.34,971.7
2084,829,15,5,324.09,1620.45
2085,829,21,5,18.28,91.4
2086,830,4,4,309.96,1239.84
2087,830,14,3,127.65,382.95
2088,831,145,5,231.09,1155.45
2089,831,219,4,429.0,1716.0
2090,832,233,3,55.44,166.32
2091,832,57,1,214.67,214.67
2092,833,222,4,484.36,1937.44
2093,833,135,1,31.07,31.07
2094,833,71,3,323.36,970.08
2095,833,60,3,271.14,813.42
2096,834,114,1,371.69,371.69
2097,835,81,5,334.71,1673.55
2098,835,172,3,212.81,638.43
2099,835,233,5,55.44,277.2
2100,836,162,1,319.79,319.79
2101,837,52,5,474.6,2373.0
2102,837,163,2,348.26,696.52
2103,837,286,1,391.81,391.81
2104,837,325,1,419.16,419.16
2105,838,71,5,323.36,1616.8
2106,838,193,2,426.2,852.4
2107,839,136,4,115.48,461.92
2108,839,78,4,62.41,249.64
2109,840,255,3,471.43,1414.29
2110,840,68,2,295.29,590.58
2111,841,265,2,141.12,282.24
2112,842,223,1,201.14,201.14
2113,843,286,5,391.81,1959.05
2114,843,107,2,430.38,860.76
2115,843,20,4,470.93,1883.72
2116,843,135,5,31.07,155.35
2117,844,324,5,474.44,2372.2
2118,844,121,3,93.59,280.77
2119,844,248,5,102.89,514.45
2120,844,93,3,376.14,1128.42
2121,845,150,4,125.08,500.32
2122,845,251,4,50.53,202.12
2123,846,279,4,128.33,513.32
2124,846,152,1,486.07,486.07
2125,846,113,1,62.09,62.09
2126,847,215,4,155.59,622.36
2127,847,167,2,191.26,382.52
2128,847,218,1,111.44,111.44
2129,848,238,3,115.03,345.09
2130,848,59,3,322.07,966.21
2131,849,66,4,81.91,327.64
2132,849,251,5,50.53,252.65
2133,849,211,2,234.36,468.72
2134,849,15,3,324.09,972.27
2135,850,260,2,250.58,501.16
2136,850,210,1,228.7,228.7
2137,850,288,3,285.0,855.0
2138,851,163,4,348.26,1393.04
2139,851,201,4,72.38,289.52
2140,851,218,4,111.44,445.76
2141,852,28,3,324.85,974.55
2142,852,249,2,324.76,649.52
2143,852,174,1,486.42,486.42
2144,853,230,4,280.2,1120.8
2145,853,114,5,371.69,1858.45
2146,853,86,5,10.62,53.1
2147,854,321,1,179.08,179.08
2148,854,315,5,122.09,610.45
2149,855,67,5,166.74,833.7
2150,855,277,1,323.11,323.11
2151,855,11,4,179.01,716.04
2152,856,171,3,491.64,1474.92
2153,857,26,5,98.38,491.9
2154,858,186,5,320.42,1602.1
2155,858,102,2,487.65,975.3
2156,859,118,3,27.76,83.28
2157,859,83,3,91.94,275.82
2158,859,170,4,106.57,426.28
2159,859,111,5,447.66,2238.3
2160,860,7,1,448.81,448.81
2161,860,11,5,179.01,895.05
2162,861,257,4,462.45,1849.8
2163,862,22,2,424.3,848.6
2164,862,145,3,231.09,693.27
2165,862,13,2,396.58,793.16
2166,862,324,2,474.44,948.88
2167,863,140,1,439.11,439.11
2168,864,206,2,160.45,320.9
2169,864,139,1,203.46,203.46
2170,864,40,1,196.48,196.48
2171,864,259,4,363.59,1454.36
2172,865,8,5,74.31,371.55
2173,866,49,5,11.83,59.15
2174,866,201,2,72.38,144.76
2175,867,166,4,380.67,1522.68
2176,867,263,1,180.2,180.2
2177,867,155,3,367.57,1102.71
2178,868,104,1,250.59,250.59
2179,868,136,5,115.48,577.4
2180,868,242,4,469.1,1876.4
2181,868,150,4,125.08,500.32
2182,869,114,4,371.69,1486.76
2183,870,248,3,102.89,308.67
2184,870,274,5,48.42,242.1
2185,870,126,4,329.57,1318.28
2186,871,255,4,471.43,1885.72
2187,872,280,1,497.07,497.07
2188,872,232,2,51.89,103.78
2189,872,296,1,405.28,405.28
2190,873,119,4,185.17,740.68
2191,873,190,4,332.91,1331.64
2192,873,289,1,164.19,164.19
2193,873,330,3,23.79,71.37
2194,874,74,1,476.95,476.95
2195,874,49,5,11.83,59.15
2196,874,87,2,250.72,501.44
2197,875,304,2,269.18,538.36
2198,875,43,2,275.45,550.9
2199,875,207,5,64.76,323.8
2200,875,243,5,46.6,233.0
2201,876,31,4,123.47,493.88
2202,876,130,4,163.37,653.48
2203,877,173,2,480.79,961.58
2204,877,19,3,146.04,438.12
2205,877,290,5,138.87,694.35
2206,878,3,3,460.35,1381.05
2207,878,108,5,87.61,438.05
2208,878,251,5,50.53,252.65
2209,878,256,3,30.07,90.21
2210,879,165,4,170.83,683.32
2211,879,248,5,102.89,514.45
2212,880,54,4,146.81,587.24
2213,881,193,2,426.2,852.4
2214,882,83,5,91.94,459.7
2215,883,86,2,10.62,21.24
2216,884,59,1,322.07,322.07
2217,884,218,4,111.44,445.76
2218,884,88,5,176.62,883.1
2219,884,250,2,405.6,811.2
2220,885,205,1,227.54,227.54
2221,885,152,1,486.07,486.07
2222,885,223,3,201.14,603.42
2223,885,139,5,203.46,1017.3
2224,886,315,3,122.09,366.27
2225,886,289,2,164.19,328.38
2226,886,73,3,221.56,664.68
2227,887,315,3,122.09,366.27
2228,887,266,5,225.78,1128.9
2229,888,242,4,469.1,1876.4
2230,888,108,3,87.61,262.83
2231,888,70,2,326.67,653.34
2232,889,6,3,112.54,337.62
2233,889,214,2,404.76,809.52
2234,889,77,4,462.69,1850.76
2235,889,35,1,40.15,40.15
2236,890,97,2,450.45,900.9
2237,890,49,5,11.83,59.15
2238,890,235,3,65.12,195.36
2239,891,32,5,196.01,980.05
2240,892,305,2,396.66,793.32
2241,892,35,3,40.15,120.45
2242,892,326,5,406.15,2030.75
2243,892,116,3,430.05,1290.15
2244,893,99,3,217.52,652.56
2245,894,219,5,429.0,2145.0
2246,894,157,3,399.01,1197.03
2247,894,320,4,353.21,1412.84
2248,895,288,5,285.0,1425.0
2249,895,329,2,91.9,183.8
2250,895,40,5,196.48,982.4
2251,896,53,2,202.0,404.0
2252,896,144,2,47.76,95.52
2253,897,289,1,164.19,164.19
2254,897,65,5,487.29,2436.45
2255,897,301,4,84.01,336.04
2256,898,295,5,144.06,720.3
2257,898,310,3,491.42,1474.26
2258,898,316,4,162.41,649.64
2259,899,87,1,250.72,250.72
2260,899,119,2,185.17,370.34
2261,900,315,2,122.09,244.18
2262,901,85,4,72.92,291.68
2263,901,1,3,110.46,331.38
2264,902,27,2,198.92,397.84
2265,903,218,4,111.44,445.76
2266,903,168,3,370.35,1111.05
2267,903,257,1,462.45,462.45
2268,903,124,5,402.54,2012.7
2269,904,194,4,463.39,1853.56
2270,904,243,3,46.6,139.8
2271,904,160,5,16.84,84.2
2272,904,163,5,348.26,1741.3
2273,905,310,2,491.42,982.84
2274,906,325,3,419.16,1257.48
2275,906,74,4,476.95,1907.8
2276,907,251,3,50.53,151.59
2277,907,62,5,46.38,231.9
2278,907,223,3,201.14,603.42
2279,907,92,1,189.08,189.08
2280,908,239,3,103.08,309.24
2281,908,218,2,111.44,222.88
2282,908,316,5,162.41,812.05
2283,909,196,3,416.79,1250.37
2284,909,92,1,189.08,189.08
2285,910,227,3,91.06,273.18
2286,910,270,2,325.4,650.8
2287,911,301,3,84.01,252.03
2288,912,49,3,11.83,35.49
2289,912,130,5,163.37,816.85
2290,912,7,5,448.81,2244.05
2291,913,18,3,361.98,1085.94
2292,913,329,4,91.9,367.6
2293,913,204,1,57.3,57.3
2294,914,141,1,433.69,433.69
2295,914,293,1,19.51,19.51
2296,914,242,5,469.1,2345.5
2297,915,252,2,424.4,848.8
2298,915,243,5,46.6,233.0
2299,915,54,1,146.81,146.81
2300,915,190,1,332.91,332.91
2301,916,91,2,133.33,266.66
2302,916,43,4,275.45,1101.8
2303,917,29,4,392.98,1571.92
2304,918,161,1,273.06,273.06
2305,919,100,5,264.31,1321.55
2306,919,9,3,65.96,197.88
2307,919,163,2,348.26,696.52
2308,920,265,1,141.12,141.12
2309,920,207,4,64.76,259.04
2310,920,32,1,196.01,196.01
2311,921,257,2,462.45,924.9
2312,921,137,1,260.31,260.31
2313,922,228,1,476.29,476.29
2314,922,142,5,387.9,1939.5
2315,923,259,4,363.59,1454.36
2316,923,89,1,261.03,261.03
2317,924,141,5,433.69,2168.45
2318,924,180,1,209.46,209.46
2319,924,175,4,75.47,301.88
2320,925,290,4,138.87,555.48
2321,926,60,1,271.14,271.14
2322,927,45,2,238.15,476.3
2323,927,163,5,348.26,1741.3
2324,928,87,1,250.72,250.72
2325,929,327,3,485.34,1456.02
2326,929,236,1,35.53,35.53
2327,930,158,2,79.53,159.06
2328,930,68,3,295.29,885.87
2329,931,195,3,199.51,598.53
2330,932,143,2,158.8,317.6
2331,932,290,3,138.87,416.61
2332,933,116,2,430.05,860.1
2333,933,140,2,439.11,878.22
2334,933,91,3,133.33,399.99
2335,933,133,4,64.1,256.4
2336,934,48,4,295.74,1182.96
2337,934,182,5,231.94,1159.7
2338,934,187,3,200.2,600.6
2339,935,324,2,474.44,948.88
2340,935,19,5,146.04,730.2
2341,935,198,2,229.12,458.24
2342,935,276,5,212.52,1062.6
2343,936,223,3,201.14,603.42
2344,936,331,3,32.8,98.4
2345,937,176,5,143.51,717.55
2346,937,283,3,194.34,583.02
2347,938,263,2,180.2,360.4
2348,939,112,4,338.69,1354.76
2349,939,134,1,338.3,338.3
2350,939,60,5,271.14,1355.7
2351,940,244,2,295.13,590.26
2352,940,240,5,203.29,1016.45
2353,941,191,5,69.7,348.5
2354,941,194,5,463.39,2316.95
2355,941,18,3,361.98,1085.94
2356,942,323,3,75.34,226.02
2357,943,82,4,330.74,1322.96
2358,944,172,3,212.81,638.43
2359,944,332,1,302.82,302.82
2360,944,96,3,63.44,190.32
2361,944,157,2,399.01,798.02
2362,945,280,2,497.07,994.14
2363,945,12,4,217.55,870.2
2364,945,316,4,162.41,649.64
2365,945,304,5,269.18,1345.9
2366,946,205,4,227.54,910.16
2367,946,125,3,358.44,1075.32
2368,946,192,5,149.38,746.9
2369,946,173,4,480.79,1923.16
2370,947,154,1,389.06,389.06
2371,947,120,5,460.51,2302.55
2372,947,56,4,384.72,1538.88
2373,947,219,3,429.0,1287.0
2374,948,304,1,269.18,269.18
2375,948,84,5,11.27,56.35
2376,948,86,3,10.62,31.86
2377,948,306,5,369.84,1849.2
2378,949,291,2,17.9,35.8
2379,949,67,3,166.74,500.22
2380,950,47,3,41.13,123.39
2381,951,178,4,119.58,478.32
2382,951,203,2,58.94,117.88
2383,952,1,2,110.46,220.92
2384,952,103,2,315.63,631.26
2385,952,155,3,367.57,1102.71
2386,952,42,2,213.33,426.66
2387,953,105,4,257.84,1031.36
2388,953,47,2,41.13,82.26
2389,954,285,3,242.44,727.32
2390,954,3,4,460.35,1841.4
2391,955,177,1,26.73,26.73
2392,955,242,5,469.1,2345.5
2393,956,109,4,82.87,331.48
2394,956,193,4,426.2,1704.8
2395,956,125,1,358.44,358.44
2396,956,199,2,120.64,241.28
2397,957,69,4,382.8,1531.2
2398,957,168,3,370.35,1111.05
2399,957,218,5,111.44,557.2
2400,958,274,1,48.42,48.42
2401,958,178,4,119.58,478.32
2402,958,301,1,84.01,84.01
2403,958,114,5,371.69,1858.45
2404,959,121,3,93.59,280.77
2405,959,186,3,320.42,961.26
2406,960,313,5,495.81,2479.05
2407,961,40,2,196.48,392.96
2408,961,71,4,323.36,1293.44
2409,961,97,1,450.45,450.45
2410,961,109,3,82.87,248.61
2411,962,48,3,295.74,887.22
2412,962,197,2,166.49,332.98
2413,962,218,2,111.44,222.88
2414,962,146,3,187.62,562.86
2415,963,247,1,498.59,498.59
2416,963,134,4,338.3,1353.2
2417,963,92,2,189.08,378.16
2418,963,204,5,57.3,286.5
2419,964,239,1,103.08,103.08
2420,965,52,4,474.6,1898.4
2421,965,7,2,448.81,897.62
2422,965,164,2,9.75,19.5
2423,966,233,1,55.44,55.44
2424,966,249,4,324.76,1299.04
2425,966,217,1,303.63,303.63
2426,966,156,4,275.55,1102.2
2427,967,325,1,419.16,419.16
2428,967,310,4,491.42,1965.68
2429,967,258,3,219.41,658.23
2430,968,172,5,212.81,1064.05
2431,968,187,1,200.2,200.2
2432,968,92,4,189.08,756.32
2433,968,273,4,242.12,968.48
2434,969,77,1,462.69,462.69
2435,970,303,3,124.37,373.11
2436,970,102,5,487.65,2438.25
2437,970,315,4,122.09,488.36
2438,971,25,4,305.43,1221.72
2439,971,145,1,231.09,231.09
2440,971,63,4,44.12,176.48
2441,971,236,3,35.53,106.59
2442,972,307,3,383.2,1149.6
2443,973,218,3,111.44,334.32
2444,973,152,1,486.07,486.07
2445,973,278,3,399.61,1198.83
2446,974,151,3,187.3,561.9
2447,974,214,1,404.76,404.76
2448,975,167,3,191.26,573.78
2449,975,326,1,406.15,406.15
2450,975,306,1,369.84,369.84
2451,975,183,1,375.21,375.21
2452,976,128,2,127.89,255.78
2453,976,44,5,90.52,452.6
2454,976,49,2,11.83,23.66
2455,976,75,4,123.13,492.52
2456,977,141,3,433.69,1301.07
2457,977,235,5,65.12,325.6
2458,977,125,5,358.44,1792.2
2459,977,292,4,300.57,1202.28
2460,978,40,3,196.48,589.44
2461,979,20,2,470.93,941.86
2462,979,312,1,467.93,467.93
2463,979,196,5,416.79,2083.95
2464,980,173,3,480.79,1442.37
2465,981,206,1,160.45,160.45
2466,981,95,3,367.8,1103.4
2467,981,41,4,420.29,1681.16
2468,981,60,2,271.14,542.28
2469,982,156,5,275.55,1377.75
2470,982,264,5,454.61,2273.05
2471,982,125,1,358.44,358.44
2472,983,294,4,406.29,1625.16
2473,983,111,4,447.66,1790.64
2474,983,141,2,433.69,867.38
2475,984,257,1,462.45,462.45
2476,984,310,4,491.42,1965.68
2477,984,93,3,376.14,1128.42
2478,985,3,4,460.35,1841.4
2479,985,107,1,430.38,430.38
2480,985,213,2,49.76,99.52
2481,986,137,4,260.31,1041.24
2482,986,307,3,383.2,1149.6
2483,986,50,2,111.79,223.58
2484,987,10,3,366.35,1099.05
2485,987,114,1,371.69,371.69
2486,988,312,4,467.93,1871.72
2487,988,302,4,127.69,510.76
2488,988,326,5,406.15,2030.75
2489,989,278,4,399.61,1598.44
2490,989,244,5,295.13,1475.65
2491,989,7,3,448.81,1346.43
2492,990,164,3,9.75,29.25
2493,990,228,2,476.29,952.58
2494,990,237,4,391.58,1566.32
2495,991,273,2,242.12,484.24
2496,991,200,3,472.06,1416.18
2497,992,17,5,302.49,1512.45
2498,992,41,4,420.29,1681.16
2499,992,288,3,285.0,855.0
2500,992,43,2,275.45,550.9
2501,993,156,3,275.55,826.65
2502,993,162,4,319.79,1279.16
2503,993,240,1,203.29,203.29
2504,994,320,5,353.21,1766.05
2505,994,86,5,10.62,53.1
2506,995,290,4,138.87,555.48
2507,995,213,1,49.76,49.76
2508,995,146,5,187.62,938.1
2509,996,121,4,93.59,374.36
2510,996,276,2,212.52,425.04
2511,996,194,5,463.39,2316.95
2512,996,64,1,460.86,460.86
2513,997,112,2,338.69,677.38
2514,997,57,5,214.67,1073.35
2515,997,149,2,371.09,742.18
2516,997,82,4,330.74,1322.96
2517,998,181,2,448.31,896.62
2518,998,215,5,155.59,777.95
2519,998,143,3,158.8,476.4
2520,998,186,1,320.42,320.42
2521,999,258,5,219.41,1097.05
2522,999,273,4,242.12,968.48
2523,999,116,4,430.05,1720.2
2524,1000,238,3,115.03,345.09
2525,1000,231,2,277.31,554.62
2526,1000,91,4,133.33,533.32
2527,1000,148,1,393.33,393.33
